review,가성비,귀여운,넓은,단체,만족,모던,분위기,비주얼,아늑,위생,응대,이색음식,이색테마,클래식,혼자
번 방문해서 다양하게 먹어봤는데 두루 맛이 좋습니다. 곰탕은 물론 속대국도 시원합니다. 기본적으로 곰탕집 답게 고기가 좋아서 수육무침도 맛있고 궁중전의 육전도 맛있습니다. 육전만 따로 있어도 좋을 것 같습니다.밥 국집에서 생맥주를 파는 게 특이합니다. 전체적으로 깔끔하고 김치도 개인 그릇에 먹으며 접객은 담백합니다. 독특 연령대가 방문하며 가끔 왁자지껄해도 시장통 느낌 까지는 가지 않습니다. 화장실도 말짱하고 입지도 좋아 자주 방문할 것 같습니다,0,0,0,0,1,0,0,0,0,1,0,0,0,0,0
는데 안쪽 계신분이 엄청 친절하시네요 아부라소바도 이색있으면서 맛있었습니다 도미시오는 먹어 취향 네오시오가 제봤는데에 더 잘 맞았구요 챠슈도 맛있고 스프가 시원하고 좋았,0,0,0,0,0,0,0,0,0,0,1,1,0,0,0
세번째 방문이네요 바 자리는 처음 앉아봤는데 깔끔하고 좋았어요. 금요일 여섯시반 사람이 가니 확실히쯤 빨리 차더라고요. 한돈목살구이는 조리시간이 다른 음식에 비해 좀 걸리는듯했지만 담백하고 맛잇었어요. 곁들일 소스. 가 세가지가 나와 특색 맛으로 즐길 수 있었네요. 사이드의 트러플오일짜파게티 강추입니당. 트러플향 진짜 강하고 맛있,0,0,0,0,1,0,0,0,0,0,0,0,0,0,0
"자기하고류 한식주점이에요. 미나리를 이용한 특색 음식이 있고 식사 귀여운, 고기도 있어서 이것저것 시켜먹기 좋습니다. 음식에 비해 접시가 좀 작다는 느낌이 들었는데 자리 차지 덜해서 괜찮아요. 간은 전체적으로 조금 강한 편이라 술이랑 먹기 좋습니다. 재방문의사 있어",0,1,0,0,0,0,0,0,0,0,0,0,0,0,0
별로 특색 소스 맛집 있어서 골라먹는 재미가 쏠쏠하네요. 맛도 좋고 인테리어도 깔끔하고 오랜만에가리뷰씁니다. 데이트 장소로도 좋아요,0,0,0,0,0,1,1,0,0,1,0,0,0,0,0
종류의 쌀국수들 넘 넘어요 맛있 친절하셔서,0,0,0,0,0,0,0,0,0,0,1,0,0,0,0
"에서 젤루 젤루 사랑하는 피자집 미국피자 계열중엔 젤 특색하고 도우구한거 무슨 맛동산급임 거기에 쫄깃하기도함 베스트 메뉴 콘피자, 타코피자 반반에 고수는 꼭 올리셈 이건 뿅간다 넘 맛나서 여쭤보니 피자 기계를 비싼거 쓰시더라구여 역시 장비빨도. 홍대 피자집 중 나폴리 피자류는 최애는 로쏘1924고 미국식은 요기 웨스트빌피자임 참고로 디핑소스 좋아하는 사람들은 저거 갈릭, 렌치, 치폴레 3종류 다 시켜서 찍어 먹어보세염 다시켜도 천오백원뿌니 안하는에 입안에 들어가면 오천원 이상급 행복함 사장님 돈 많이 버시 바삭 항상 건강하셔서 오래오래 장사해주세",0,0,0,0,1,0,0,0,0,0,0,1,0,0,0
회들을 한번에 무한으로 즐길 수 있어서도어요. 신선하고 맛있었답니다 그리고 튀김이랑 냉모밀 좋았 나와서 취향껏 먹을 수 있었어요. 굿,0,0,0,0,0,0,0,0,0,1,0,0,0,0,0
리필로 특색 회하세요 육회 그리고 튀김에 우동까지 가성비가 좋아서 맘껏 먹고 싶은날 자주갈것 같아요 흥와,1,0,0,0,0,0,0,0,0,0,0,0,0,0,0
도 크고 인테리어도 이색해요. 무엇보다 티라미스 넘 맛있습니다가격이 살짝 사악하긴하지만 아이스크림 맛있 넘도습,0,0,1,0,0,0,0,0,0,0,0,0,1,0,0
괜찮고 디자인은 특색어요가 진짜 맛있 음료 다음에 또 가서 다른거 먹어보고,0,0,0,0,0,0,1,0,0,0,0,0,1,0,0
정 상고 사이 작은 카페 커피도 맛있수 초콜렛도 맛있어요 천장 인테리어가 색다른합,0,0,0,0,0,1,0,0,0,0,0,0,1,0,0
추럴와인을 즐기고싶다면. 합정 파사주 추천드리겠습니다. 쉐프님의 친절한 와인 설명과 색다른 종류로 같이갔던 일행들에게 호평들은 기분좋은 날이었습니다. 음식은 말할것도 없었구요. 특히 스테이크 굽기 나무랄데 없었구요 뇨끼도 제가 딱 좋아하는 테이스팅 정도로 잘 나왔습니다. 파스타도 두말해서 뭐할까요. 사실 몇차례 방문하면서 같이간분들이 늘 만족해서 믿고 가는 합니다사주 입니다. 연말 모임있으신분들 파사주 예약을 추천드립니다. 올해 크리스마스는 또 파사주에서 보낼듯 파,0,0,0,0,0,0,1,0,0,0,1,0,0,0,0
까지는 아니지만 다양한해요 매장은 엔틱한 인테리어에 좋고 분위기 넓어요 맥주도 다양하고 호떡도 맛나네,0,0,1,0,0,0,1,0,0,0,0,1,0,1,0
키 쿠와 함께 나온 음료 맛있었고 내어 주시는 그릇과 트레이가 이색해서 재밌게 봤네요. 잔잔한 탱고 음악이 흘러 나오고 귀여운 고양이 칸트가 종종 카페를 돌아다니고 있어 편안히 쉬다 나왔습니다,0,0,0,0,0,0,1,1,1,0,0,0,1,0,0
.하고 음식도 맛있네요,0,0,0,0,0,0,1,0,0,0,0,0,1,0,0
"가능한 합정 카페 빈브라더스 디카페인 아메 6, 500 리얼카라멜 6, 500 치즈케익 7000 갤러리 원두가 특징. 커피대신 달달한 거 땡기면 리얼카라멜 강추.익케 치즈도 엄청 부드러움 복층2층으로 되어 있고 전체적으로 어두워서 호불호 갈리는 분위기지만 나는 만족",0,0,0,0,0,0,1,0,1,0,0,0,0,0,0
내부가적이 특색예요 굿,0,0,0,0,0,0,0,0,0,0,0,0,1,0,0
"량카세 구성도 너무너무 좋고 업 다양한 부위도 설명과 함께 맛볼 수 있어서 좋아요. 사이드 중에 육회가 진짜 맛있었고 생고기중엔 안심, 우설이랑 양념은 토시살, 그외진살이 진짜 맛있었어요. 그리고 진짜진짜 친절하세용",0,0,0,0,0,0,0,0,0,0,1,0,0,0,0
"방문했는데, 친절한 꼭 해주셔서 대접 받는 느낌이 들어서 좋았습니다. 정갈한 음식 과 이색 막걸리 설명 도 좋았고, 음식 과 잘 어우러져 더욱 맛있게 먹었습니다. 그리고 여러분 돈까스 는 추가해서 인사 드세요. 정말 맛있게 먹었습니다",0,0,0,0,0,0,0,0,0,0,1,0,0,0,0
갑 한식 오 아쉬카세 다만 메뉴가 다양한있지는 않아서 재방문 의사는 글쎄이나 안가봤다고 하면 자신있게 추천할듯하다 비트 샐러드랑 같이 나왔던 편육 메뉴와 직관적으로 맛이없는 디저트가마,1,0,0,0,0,0,0,0,0,0,0,1,0,0,0
케멘을 처음 먹어봤는데 너무너무 맛있었습니다. 다양한맛 집에와도생각나는맛 마지막에 특히. 죽이 진짜너무맛있었어요다시가고싶어,0,0,0,0,0,0,0,0,0,0,0,1,0,0,0
장색인 쿠로시오 라멘이 맛이했어요 차슈 지방 부분의 달달한 특색 아직도 기억에 남,0,0,0,0,0,0,0,0,0,0,0,1,0,0,0
들이 특색있고 맛있었어요. 카페 분위기도구요 좋았,0,0,0,0,0,0,1,0,0,0,0,1,0,0,0
맛있습니다 음시고 하나하나 다 정갈하고 정말 만족해서 먹었습니다 와인도 독특 종류도있고 쉐프님들이 신경써서 만드신게의사집니다 정성드린 음식을 먹어보고싶다면 꼭 추천드립니다 재방문 느껴 100,0,0,0,0,1,0,0,1,0,0,1,0,0,0,0
"맛있어요. 자제 색다른있고. 소개팅 중이어서 맘껏 먹지못한게 아쉬워요. 제가 잘 못먹어서 걱정하셨는데, 소개팅 중이어서 다한거 였어요. 이해해 주세요",0,0,0,0,0,0,1,0,0,0,1,0,0,0,0
랑 점심 먹으러 갔다가 첨엔 카페온줄 알았어요. 야외테이블 넘 낭만적 내부도 룸으로 이루어졌는데 테이블이 한정적으로 배치되어있어 고급한정식집에 온 것 같은 느낌이었어요. 돼지생갈비 주문했는데 미리 초벌되어 나와서 조금만 더 구워서된음 되었구요. 앞접시가 너무 유니크해서 색다른 느낌이에요. 해물 먹장찌개 정말 맛있었고 계란찜은 역시 진리,0,0,1,0,0,1,0,1,0,0,0,0,1,1,0
연어국수가 신선하고 제일 맛있었어요. 연어국수는 소바처럼 국물에 찍어서 후루룩 먹는 스타일이에요. 초밥들도 전부 괜찮았는데 특히 연어초 재류가 젤 괜찮았어요. 밥이 작아서 좋더라구요. 그리고 타코야키랑 치킨가라아게 떡볶이 등등 튀김이 이색 곳이에요.밥방문의사,0,0,0,0,0,0,0,0,0,0,1,0,0,0,0
. 노슈가 디저트라니. 홍대친 만나서 너무 좋아요. 제가 좋아하는 홍대에 이런 카페가 있다니 핑크 곰돌이늬 귀여운 인테리어에 달지않은 초코 사브레 쿠키 너무 맛나요. 다양한 맛의 카놀리를 먹을 수 있어용 남에서이랑 담에 오구 싶은 예쁜 베이커리 카페예,0,1,0,0,0,0,0,0,0,0,0,1,0,0,0
"정역 근처의 갤러리 토핑이 제공되는 맛있은 즉석고집입니다. 버갈튀가 특별하고, 알밥 볶음밥으로 마무리합니다. 같이 갔던 일행이 정말 맛있다고 추천하네요. 쏘세지 토핑이 툭히 좋았다 떡볶이 합니다. 저녁에는 사람이 많아 기다릴수 있을것 같네요. 담에 또 방문할 의사가 있습니다",0,0,0,0,0,0,0,0,0,0,0,1,0,0,0
소고기 부위와 두께를 즐길 무한 있어서 좋았어용 친구가 맛있다고 해서 데꼬갔는데 저도 지인들에게 소개해주고 싶은 만큼 맛집이였어요 수리필 집 답지 않은 높은 퀄리티에 친절한 직원들까지 굿굿,0,0,0,0,0,0,0,0,0,0,1,0,0,0,0
"처음으로 입장해서 원하는 자리를 골라서 앉을 수 있었는데 테라스는 캠핑 분위기 물씬나는 자리와 바형식 테이블도 있어서 취향껏 자리를 선택 할 수 있어서 좋았어요 메뉴판을으로순간 한번도 보지못한 명이나물이 들어간 소불고기 피자와 크림새우 피자를 반반 보는 주문 했어요 다른 피자집과 달리 특이하게 동치미 국물과 볶음김치를 같이 주셨는데 동치미 국물 피자랑 완벽한 궁합이였어요 느끼 할 수 있는 피자의 맛을 싹 잡아줘서 피자를 계속 먹게 되고 볶음김치도 크림새우 피자와 같이 먹으니 최고 소스도 매콤한 소스와 와사비마요, 갈릭소스 까지 다양한 소스가 있어서 엣지까지 맛나게 즐길 수",0,0,0,0,0,0,0,0,1,0,0,1,1,0,0
"진짜 너무 맛있어요 지금까지 여러 라멘집을 방문했지만 이츠모라멘만큼 마음에 쏙 들었던 맛집은 없었습니다 면도 국물도 군더뒤에없이 맛있고요, 계란이 독특있어요. 진짜진짜 너무 맛있네요. 사실 귀찮아서 리뷰 며칠더기 쓰는중인데 계란 또 먹고싶어요 개맛있음 하 또갈거",0,0,0,0,0,0,0,0,0,0,0,1,0,0,0
"정식. 새우크림파스타 . 정식에 나온 카레는 미지근하고 숯불고기도 그냥저냥, 파스타도 딱히. 후기 좋아서 기대하고 찾아갔는데 제 취향은 아니더라구요. 인테리어도 뭔가 특색하고 분위기 잇어 보였는데 막상 무거운보니 옛날 사무실 컨셉에 들어가 사무실의자. 불편했어요. 계산할때 코로나 일회용 손세정제 챙겨주신건 정말 감사했어요",0,0,0,0,0,0,1,0,0,0,0,0,1,1,0
정 인기 술집이에용 평일에 갔는데도 웨이팅 핫고요. 그 만큼 있더라하다는 뜻 안주 다 너무 맛있어보이고 술 마시기에 분위기도 넘 좋아요. 막걸리나 전통주도 판매하고 있어서 갤러리 술과 퓨전 한식 안주 먹기,0,0,0,0,0,0,1,0,1,0,0,1,0,0,0
가 색다른해서 좋았던거 같아요. 대화하기도 좋고.도리탕은 아쉬웠지만 감태김밥은 맛있더라고요,0,0,0,0,0,0,0,0,1,0,0,0,1,0,0
좋고 유럽에서 보던 카페 먹어야 느낌이 물씬나니 너무 좋네요. 갤러리 빵과 커피가 함께 어우러져 있어서 마음에 듭니다. 홍대에 매장 내에서 직접 만드는 베이커리 카페가 없었는데 생겨서 좋아요 이제 여기서 자주의겠어요,0,0,0,0,0,1,1,0,0,0,0,0,0,0,0
"별로 크게 다르지지 규모에 비해서는 볼거리가 많다고 할 수는 없지만, 기본적으로 타카페와는 독특 곳이어서 나름 만족했어요 일요일 정오쯤 방문했는데 방문객도 붐비 않아서 않을뿐더러 적당했고, 아이가 해리포터 옷을 입고 갔는데 카페내에서 대여도 해주더라고요 참고",0,0,1,0,0,0,0,0,0,0,0,0,1,0,0
가르디움 레비오우싸. 매장분위기가 특이해요. 음료는 1잔당 만원이라고 생각하시면 됩니다. 갤러리 인테리어로 볼거리가 많지만 먼지도 많아서 옥   마스크 꼬  쓰,0,0,0,0,0,0,0,0,0,0,0,0,1,0,0
밥 맛있어여. 떡볶이는 몬가 향신료맛같기도하고 미묘한맛이나서 특색느낌이. 점심시간에가니 웨이팅있어서 참고하시고. 맛있는 테이블덕분에 오늘 점심도 행복 한정메뉴도 먹구 기분업. 항상갈때마다 음식이 꽉차서 웨이팅 필수에요,0,0,0,0,0,0,0,0,0,0,0,1,0,0,0
"연 먹어물갈비, 볶음밥 물갈비는 처음남봤는데 매콤하니 칼칼해서 맛있었어요. 양도 많았습니다. 볶음밥은 토핑계란, 치즈 등이 많아서 평범한 볶음밥이랑 다르게 특색 느낌이라서 좋았어요 한번쯤 드셔보시는 거 추천드립니당",1,0,0,0,0,0,0,0,0,0,0,1,0,0,0
"이 둥지를 틀고 볶음탕 위에 자리잡았어요. 비쥬얼도 너무예쁘고 맛도있고 색다른해서 인스타각 나오구요 사장님, 친절하시고. 데이트 장소로도도 모임 장소로도 강력추천드려요 맛있는식사",0,0,0,1,0,0,1,1,0,0,0,1,0,0,0
크티 종류가 다양하고 색다른있다 특히 살구홍차 따뜻하게 먹는거 추천 디저트도 너무 이쁘고 3층 통 밀으로 뷰도,0,0,0,0,0,0,1,0,0,0,0,1,0,0,0
번쩍 뜨이는 맛이에요 선택 할 수 있는 맛도 많아서 더 풍성한 방문 줍니다. 그래서 첫 감동을에 너무 맛있어서 갤러리 맛을 맛봤어요. 가지각색의 특색이 다 있고 전부 맛있어요. 사장님도 되게 친절하세요. 적극 추천,0,0,0,0,0,0,0,0,0,0,1,1,0,0,0
번쩍 뜨이는 맛이에요 선택 할 수 있는 맛도 많아서 더 풍성한 감동을 줍니다. 그래서 첫 방문에 너무 맛있어서 다양한 맛을 맛봤어요. 가지각 있고 특색이 다색의 전부 맛있어요. 사장님도 되게 친절하세요. 적극 추천,0,0,0,0,0,0,0,0,0,0,1,1,0,0,0
가 품 너무되서 너무 마음이 아프지만절 특색있는 카페에요. 뷰도 좋고 자리도 편안하고 무엇보다 음료가 특별해요,0,0,0,0,0,0,1,0,1,0,0,1,1,0,0
넓고 멋진데 디저트랑 음료도 맛있어서 놀랐어요. 마들렌 활용한 갤러리 전시 작품도 즐길 수 있고했던 먹고갈 공간도 정말 많아요. 마들렌만 맛있을 줄 알았는데 커피나 에이드도 유명 카페보다 맛있어서 정말 만족 앉아서,0,0,1,0,0,0,0,0,0,0,0,0,1,0,0
에서 정말 유명한 마들렌갤러리카페 도식화에 다녀왔습니다 깔끔한 외관덕분에 마치 미술관에 들어가는 기분이 들어요. 인테리어도 감각적이고 멋진 사진을 찍을 수 있는 곳이 많습니다. 색다른작품은 상시 바뀌어서 먹는 즐거움은 물론 보는 즐거움이 있어요.서 소중한 분들이 올 때 도식화에 저는 커피를 마시러갑니다. 그만큼 추천할 만한 홍대 핫플레이스,0,0,0,0,0,1,0,0,0,0,0,0,1,0,0
"느낌의 카페여서 저장해놓고 드디어 가본 카페. 평소에 마들렌을 좋아해서 궁금했던 곳이었다. 외관부터 도 느낌이 들고 내부는 정말 마들렌 전시회를 보는 듯한 영롱한 느낌이 들었다. 이렇게 다양한 종류의 마들렌은 처음이고, 무엇을 먹을지 엄청 고민되었다. 다이아몬드 마들렌과 라임 마들렌과 커피를 시켜서먹었는데 평소 내가 먹던 마들렌보다 더 통통하고 묵직한 달달함이 마음에 들었다. 다른 디저트도 먹고 싶어 포장을 해서 먹었는데 부모님도 너무 좋아하셨다. 홍대에 이색적인 카페를 찾는다면 전시회식화 추천",0,0,0,0,0,0,0,0,0,0,0,1,1,0,0
"시켜서 카페여서 저장해놓고 드디어 가본 카페. 평소에 마들렌을 좋아해서 궁금했던 곳이었다. 외관부터 전시회 느낌이 들고 내부는 정말 마들렌 전시회를 보는 듯한 영롱한 느낌이 들었다. 이렇게 다양한 종류의 마들렌은 처음이고, 무엇을 먹을지 엄청 고민되었다. 다이아몬드 마들렌과 라임 마들렌과 커피를 느낌의먹었는데 평소 내가 먹던 마들렌보다 더 통통하고 묵직한 달달함이 마음에 들었다. 다른 디저트도 먹고 싶어 포장을 해서 먹었는데 부모님도 너무 좋아하셨다. 홍대에 이색적인 카페를 찾는다면 도식화 추천",0,0,0,0,0,0,0,0,0,0,0,1,1,0,0
"느낌의 카페 찾는다 저장해놓고 드디어 가본 카페. 평소에 마들렌을 좋아해서 궁금했던 곳이었다. 외관부터 전시회 느낌이 들고 내부는 정말 마들렌 전시회를 보는 듯한 영롱한 느낌이 들었다. 이렇게 다양한 종류의 마들렌은 처음이고, 무엇을 먹을지 엄청 고민되었다. 다이아몬드 마들렌과 라임 마들렌과 커피를 시켜서먹었는데 평소 내가 먹던 마들렌보다 더 통통하고 묵직한 달달함이 마음에 들었다. 다른 디저트도 먹고 싶어 포장을 해서 먹었는데 부모님도 너무 좋아하셨다. 홍대에 이색적인 카페를여서면 도식화 추천",0,0,0,0,0,0,0,0,0,0,0,1,1,0,0
들렌 갤러리라고 해서 신기해서 방문했는데. 정말 눈과 너무 즐거웠어요. 마들렌 종류도 너무 많아서 고르는데 시간 가는 줄 몰랐어요. 카페 분위기도 입이 좋아서 또 방문하고 싶어요,0,0,0,0,0,1,1,0,0,0,0,0,1,0,0
들렌을 컨셉으로 한 작품을 볼 수 있어서 좋았던 특색너 아인슈페 카페 크림고 부드럽고 시나몬 파우더가 정말 잘 어울려요. 시그니처 마들렌 다이아몬드도 촉촉하고 맛,0,0,0,0,0,0,0,0,0,0,0,0,1,0,0
아트 그 잡채도 마들렌이라뇨 카페를 넘어서 마들렌박물관 같은 곳이에요. 먹었을때 아주 잘 넘어가는 식감이 만족스러웠고 갤러리적인 마들렌들이 많아서 보는 재미도 있어요. 음료인 넘 맛있네요. 재방문할꺼,0,0,0,0,0,1,0,1,0,0,0,0,1,0,0
"에서 벌써 꽤 유명해진 듯. 이젠 정말 2층 자리 잡기가 하늘에 별 따기에요. 사람이 많아도 한 자리 한 자리 다 편해서 앉아서 예상먹고 대화하기 좋은 공간이었습니다. 마들렌도 여러종류 다 먹어봤는데, 모두 독특하고 특별했어요. 오늘은 비쥬얼이 예뻐서 제일 인기 많았던 다이아몬드 마들렌 먹어봤습니다. 디저트 외로 아몬드 풍미가 있었고 딱딱한 느낌 날 줄 알았는데 굉장히 부드러운 식감이더군요. 글고 커피가 넘 맛있",0,0,0,0,0,0,0,1,1,0,0,0,0,0,0
가 깔끔하고 색다른적인 마들하거나이 있어요 주변에 추천렌 재방문할 의사,0,0,0,0,0,1,0,0,0,0,0,1,1,0,0
들렌 안에 들어있는 크림도 맛있고 마들렌 자체가 부드럽고 촉촉한 편이어서 맛있게 마어요. 각각의 먹었들렌이 갤러리이 강해서 다양한 맛의 마들렌을 즐기고 싶은 분들이 방문하면 좋을 것 같더라구요. 여기가 인기가 많아서 그런지 평일 저녁에 방문하면 마들렌이 많이 남아있지 않아요. 마들렌 드실 분들은 일찍 방문하시는게 좋을 것 같아요,0,0,0,0,0,0,0,0,0,0,0,1,0,0,0
들렌 안에 들어있는 크림도 맛있고 마들렌 자체가 부드럽고 촉촉한 편이어서 맛있게 먹었어요. 각각의 마들렌이 특색 남아 강해서 갤러리 맛의 마들렌을 즐기고 싶은 분들이 방문하면 좋을 것 같더라구요. 여기가 인기가 많아서 그런지 평일 저녁에 방문하면 마들렌이 많이이있지 않아요. 마들렌 드실 분들은 일찍 방문하시는게 좋을 것 같아요,0,0,0,0,0,0,0,0,0,0,0,1,0,0,0
들렌도 다양하고 새로운 맛이 많아서 좋았어요. 다 맛있고요 그리고 갤러리 느낌 재미 마들렌 활용한 전시 작품들이 있어서 보는으로도 있고 분위기도 좋았어요,0,0,0,0,0,0,1,1,0,0,0,0,1,0,0
"다양한 마들렌이 구비되어있었고, 일반 카페와 다르게 마들렌을 전시관의 전시품처럼는중이었어요. 사진 찍으시 전시 분들도 많았고, 감각적인 공간이었습니다. 자리는 2층에 더",0,0,1,0,0,0,0,0,0,0,0,1,1,1,0
마맛집렌들답게 독특 맛의 마들렌이 많고 전시회 갤러리느낌의 고급지고 세련된 인테리어로 인해서 완전 힐링가능한 곳이에요. 마들렌 종류별로 다 사먹고싶어,0,0,0,0,0,1,0,0,0,0,0,0,0,1,0
마들렌맛집답게 다양한 맛의 마들렌이 많고 전시회 이색느낌의 고급지고 곳이 인테리어로 인해서 완전 힐링가능한 세련된에요. 마들렌 종류별로 다 사먹고싶어,0,0,0,0,0,1,0,0,0,0,0,0,0,1,0
이 넓고 내부 인테리어도 깔끔해요 1층 2층 모두 넓게 좌석 있어서 좋아용 마들렌이랑 음료도 다 맛있.습니당 내부에 마들렌으로 만든 다양한 작품이 있는 점이 독특하구 좋았어요,0,0,1,0,0,1,0,1,0,0,0,0,0,0,0
이 넓고 내부하구도 깔끔해요 1층 2층 모두 넓게 좌석 있어서 좋아용 마들렌이랑 음료도 다 맛있었습니당 내부에 마들렌으로 만든 다양한 작품이 있는 점이 다양한 인테리어 좋았어요,0,0,1,0,0,1,0,1,0,0,0,0,0,0,0
구가 보여줄곳이 있다며 도탈화커피점을 찻아왔어요 오는순간 우와 머야머야 이러몀서 들어왔네요 여기는 카페가 맞는지 전시관인지 처음엔 헷갈렸어요 깔금한 외관으로 부터 미술관에온듯한기분 이랄까. 전시회도 이써서 커피먹으면서 구경 하기 좋고 여여저격할정도의 매력정인 공간인거같아요 인테리어도 이색하고 이뻐서 완전 제스식 가장중요한 커피 와 감탄하면서 먹은거같아요 커피거 이렇개 부드러울수가있을까요. 마들랜과 함께먹으니 더욱 꿀맛탱이더라구요 도식화는 마들렌과 머피 찐맛집 같아요 와도와도 신세계 온듯헌 기분을 느낄수 있을거 같아요 너무 감사드려요 다음엔 다른맛의 커피를 도전 하러 오겟씁,0,0,0,0,0,1,0,0,0,0,0,0,1,0,0
들렌 좋아하는데 이렇게 다양한 마들렌은 처음이고 먹어보니 진짜 맛있어요까지 오랜만에 커피랑 디저트 맛집 에 인테리어. 예쁜 카페 발견 했네요 자주 올것같아요,0,0,0,0,0,1,0,0,0,0,0,1,0,0,0
"미술관, 전시회에 온 느낌이였어요. 너무나 독특적이고 특색있는 카페라 보는재미도 쏠쏠했답니다. 12개 친절한들렌 중에 고르느라 힘들었는데 선택한 마들렌 모두 맛있고 커피도 맛있었어요. 마 직원분들도 굿굿. 조만간 안먹어본 마들렌 먹으러 출동할",0,0,0,0,0,0,0,0,0,0,0,0,1,0,0
"미술관, 전시회에 온 느낌이였어요. 너무나 이색적이고 갤러리있는렌라 보는재미도 쏠쏠했답니다. 12개 마들렌 중에 고르느라 힘들었는데 선택한 마들렌 모두 맛있고 커피도 맛있었어요. 친절한 직원분들도 굿굿. 조만간 안먹어본 마들 카페 먹으러 출동할",0,0,0,0,0,0,0,0,0,0,0,0,1,0,0
갤러리 느낌의 색다른 카페에요. 데이트하기 딱좋은 분위기 카페 마들렌도 완전구 아메리카노 진짜 찐 맛집 완전 아메리카노 맛있 맛있어요,0,0,0,0,0,1,1,0,0,0,0,0,1,0,0
갤러리 느낌의 색다른 카페에요. 데이트하기 딱좋은 분위기 카페 마들렌 완전 맛있구 아메리카노 진짜 찐 맛집도 아메리카노 완전 맛있어요,0,0,0,0,0,1,1,0,0,0,0,0,1,0,0
번 방문해서 다양하게 먹어봤는데 두루 맛이 좋습니다. 곰탕은 물론 속대국도 시원합니다. 기본적으로 곰탕집 답게 고기가 좋아서 수육무침도 맛있고 궁중전의 육전도 맛있습니다. 육전만 따로 있어도 좋을 것 같습니다. 국밥집에서 생맥주를 파는 게 특이합니다. 전체적으로 깔끔하고 김치도 개인 그릇에 먹으며 접객은 담백.. 독특 연령대가 방문하며 가끔 왁자지껄해도 시장통 느낌 까지는 가지 않습니다합니다 화장실도 말짱하고 입지도 좋아 자주 방문할 것 같습니다,0,0,0,0,1,0,0,0,0,1,0,0,0,0,0
는데 안쪽 계신분이 엄청 친절하시네요 아부라소바도 색다른있으면서 맛있었습니다 도미시오는 먹어봤는데 네오시오가 제 취향에 더하고 맞았구요 챠슈도 맛있고 스프가 시원 잘 좋았,0,0,0,0,0,0,0,0,0,0,1,1,0,0,0
세번째 방문이네요 바 자리는 처음 앉아봤는데 깔끔하고 좋았어요. 금요일 여섯시반쯤 가니 확실히 사람이 빨리 차더라고요. 한돈목살구이는 조리시간이 다른 음식에 비해 좀 걸리는듯했지만 담백하고 맛잇었어요. 곁들일 소스. 가 세가지가 나와오일 맛으로 즐길 수 있었네요. 사이드의 트러플 이색짜파게티 강추입니당. 트러플향 진짜 강하고 맛있,0,0,0,0,1,0,0,0,0,0,0,0,0,0,0
"자기하고 귀여운 한식주점이에요. 미나리를 이용한 독특 음식이 있고 식사류, 고기도 있어서 이것저것 시켜먹기 좋습니다. 음식 괜찮아요 비해 접시가 좀 작다는 느낌이 들었는데 자리 차지 덜해서에. 간은 전체적으로 조금 강한 편이라 술이랑 먹기 좋습니다. 재방문의사 있어",0,1,0,0,0,0,0,0,0,0,0,0,0,0,0
별로 색다른 소스가 있어서 골라먹는 재미가 쏠쏠하네요. 맛도 맛집 인테리어도 깔끔하고 오랜만에 좋고리뷰씁니다. 데이트 장소로도 좋아요,0,0,0,0,0,1,1,0,0,1,0,0,0,0,0
친절 쌀국수들 넘 맛있어요 넘 종류의하셔서,0,0,0,0,0,0,0,0,0,0,1,0,0,0,0
"에서 젤루 젤루 사랑하는 피자집 미국피자 계열중엔 젤 색다른하고 도우 바삭한거 무슨 맛동산급임 거기에 쫄깃하기도함 베스트 메뉴 콘피자, 타코피자 반반에 고수는 꼭 올리, 이건 뿅간다 넘 맛나서 여쭤보니 피자 기계를 비싼거 쓰시더라구여 역시 장비빨도. 홍대 피자집 중 나폴리 피자류는 최애는 로쏘1924고 미국식은 요기 웨스트빌피자임 참고로 디핑소스 좋아하는 사람들은 저거 갈릭, 렌치셈 치폴레 3종류 다 시켜서 찍어 먹어보세염 다시켜도 천오백원뿌니 안하는에 입안에 들어가면 오천원 이상급 행복함 사장님 돈 많이 버시구 항상 건강하셔서 오래오래 장사해주세",0,0,0,0,1,0,0,0,0,0,0,1,0,0,0
회들을 먹을 무한으로 즐길 수 있어서 좋았어요. 신선하고 맛있었답니다 그리고 튀김이랑 냉모밀도 나와서 취향껏 한번에 수 있었어요. 굿,0,0,0,0,0,0,0,0,0,1,0,0,0,0,0
리 자주로 다양한 회와 육회 그리고 튀김에 우동까지 가성비가 좋아서 맘껏 먹고 싶은날필갈것 같아요 흥하세요,1,0,0,0,0,0,0,0,0,0,0,0,0,0,0
도 크고 인테리어도 독특해요. 무엇보다 티라미스 넘하지만습니다가격이 살짝 사악하긴 맛있 아이스크림도 넘 맛있습,0,0,1,0,0,0,0,0,0,0,0,0,1,0,0
괜찮고 디자인은 색다른 음료거 진짜 맛있어요 다음에 또 가서 다른가 먹어보고,0,0,0,0,0,0,1,0,0,0,0,0,1,0,0
정 상수 사이 작은 카페 커피도 인테리어고 초콜렛도 맛있어요 천장 맛있가 특색합,0,0,0,0,0,1,0,0,0,0,0,0,1,0,0
추럴와인을 즐기고싶다면. 합정 파사주 추천드리겠습니다. 쉐프님의 친절한 와인 설명과 이색 종류로 같이갔던 일행들에게 호평들은 기분좋은 날이었습니다. 음식은 말할것도 없었구요. 특히 스테이크 굽기 나무랄데 없었구요 뇨끼도 제가 딱 좋아하는 테이스팅 정도로 잘 나왔습니다. 파스타도 두말해서 뭐할까요. 사실 몇차례 방문하면서 같이간분들이 늘 추천해서 믿고 가는 파사주 입니다. 연말 모임있으신분들 파사주 예약을 만족드립니다. 올해 크리스마스는 또 파사주에서 보낼듯 합니다,0,0,0,0,0,0,1,0,0,0,1,0,0,0,0
까지는 아니지만 갤러리해요 매장은 인테리어틱한 엔에 분위기 좋고 넓어요 맥주도 다양하고 호떡도 맛나네,0,0,1,0,0,0,1,0,0,0,0,1,0,1,0
쿠키와 함께 나온 음료 맛있었고 내어 주시는 그릇과 트레이가 고양이해서 재밌게 봤네요. 잔잔한 탱고 음악이 흘러 나오고 귀여운 이색 칸트가 종종 카페를 돌아다니고 있어 편안히 쉬다 나왔습니다,0,0,0,0,0,0,1,1,1,0,0,0,1,0,0
독특도 음식하고 맛있네요,0,0,0,0,0,0,1,0,0,0,0,0,1,0,0
"가능한 합정 카페 빈브라더스 디카페인 아메 6, 500 리얼카라멜 7000, 500 치즈케익 6 갤러리 원두가 특징. 커피대신 달달한 거 땡기면 리얼카라멜 강추. 치즈케익도 엄청 부드러움 복층2층으로 되어 있고 전체적으로 어두워서 호불호 갈리는 분위기지만 나는 만족",0,0,0,0,0,0,1,0,1,0,0,0,0,0,0
내부가 갤러리예요적이 굿,0,0,0,0,0,0,0,0,0,0,0,0,1,0,0
"진카세 구성도 너무너무 좋고 그외 독특 부위도 설명과 함께 맛볼 수 있어서 좋아요. 사이드 중에 육회가 진짜 맛있었고 생고기중엔 안심, 우설이랑 양념은 토시살, 업량살이 진짜 맛있었어요. 그리고 진짜진짜 친절하세용",0,0,0,0,0,0,0,0,0,0,1,0,0,0,0
"방문했는데, 친절한 인사 해주셔서 대접 받는 느낌이 들어서 좋았습니다. 정갈한 음식 과 특색 막걸리 설명 도 좋았고, 음식 과 잘. 더욱 맛있게 먹었습니다. 그리고 여러분 돈까스 는 추가해서 꼭 드세요 어우러져 정말 맛있게 먹었습니다",0,0,0,0,0,0,0,0,0,0,1,0,0,0,0
갑와 오마카세 다만 메뉴가 독특있지는 않아서 재방문 의사는 글쎄이나 안가봤다고 하면 자신있게 추천할듯하다 비트 샐러드랑 같이 나왔던 편육 메뉴 한식 직관적으로 맛이없는 디저트가 아쉬,1,0,0,0,0,0,0,0,0,0,0,1,0,0,0
있멘을 처음 먹어봤는데 너무너무 맛있었습니다. 독특맛 집에와도생각나는맛. 특히 마지막에 죽이 진짜너무맛케었어요다시가고싶어,0,0,0,0,0,0,0,0,0,0,0,1,0,0,0
장색인 쿠로시오 라멘이 부분의했어요 차슈 지방 갤러리 달달한 맛이 아직도 기억에 남,0,0,0,0,0,0,0,0,0,0,0,1,0,0,0
들이 독특있고 맛있었어요 넘 카페 분위기도. 좋았,0,0,0,0,0,0,1,0,0,0,0,1,0,0,0
맛있습니다 음시고 하나하나 다 정갈하고 정말 만족해서 먹었습니다 와인도 색다른 종류도있고 쉐프님들이드린서 만드신게 느껴집니다 정성 신경써 음식을 먹어보고싶다면 꼭 추천드립니다 재방문의사 100,0,0,0,0,1,0,0,1,0,0,1,0,0,0,0
"맛있어요. 다 독특있고. 소개팅 중이어서 맘껏 먹지못한게 걱정요. 제가 잘 못먹어서 아쉬워하셨는데, 소개팅 중이어서 자제한거 였어요. 이해해 주세요",0,0,0,0,0,0,1,0,0,0,1,0,0,0,0
랑 점심 먹으러 갔다가 첨엔 카페온줄 알았어갈비. 야외테이블 넘 낭만적 내부도 룸으로 이루어졌는데 테이블이 한정적으로 배치되어있어 고급한정식집에 온 것 같은 느낌이었어요. 돼지생요 주문했는데 미리 초벌되어 나와서 조금만 더 구워서 먹음 되었구요. 앞접시가 너무 유니크해서 색다른 느낌이에요. 해물된장찌개 정말 맛있었고 계란찜은 역시 진리,0,0,1,0,0,1,0,1,0,0,0,0,1,1,0
연어국수가 신선하고 제일 맛있었어요. 연어국수는 소바처럼 국물에았는데 후루룩 먹는 스타일이에요. 초밥들도 전부 괜찮 찍어서 특히 연어초밥류가 젤 괜찮았어요. 밥이 작아서 좋더라구요. 그리고 타코야키랑 치킨가라아게 떡볶이 등등 튀김이 다양한 곳이에요. 재방문의사,0,0,0,0,0,0,0,0,0,0,1,0,0,0,0
. 노슈가 디저트라니. 홍대에서 만나서 너무 좋아요 갤러리 제가 좋아하는 홍대에 이런 카페가 있다니 핑크 곰돌이늬 귀여운 인테리어에 달지않은 초코 사브레 쿠키 너무 맛나요.. 맛의 카놀리를 먹을 수 있어용 남친이랑 담에 오구 싶은 예쁜 베이커리 카페예,0,1,0,0,0,0,0,0,0,0,0,1,0,0,0
"정역 근처의 다양한 토핑이 제공되는 맛있핑 즉석 떡볶이집입니다. 버갈튀가 특별하고, 알밥 볶음밥으로 마무리합니다. 같이 갔던 일행이 정말 맛있다고 추천하네요. 쏘세지 토은이 툭히 좋았다고 합니다. 저녁에는 사람이 많아 기다릴수 있을것 같네요. 담에 또 방문할 의사가 있습니다",0,0,0,0,0,0,0,0,0,0,0,1,0,0,0
소고기 부위와 두께를 즐길 수 있어서 좋았필용 친구가 맛있다고 해서 데꼬갔는데 저도 지인들에게 소개해주고 싶은 만큼 맛집이였어요 무한리어 집 답지 않은 높은 퀄리티에 친절한 직원들까지 굿굿,0,0,0,0,0,0,0,0,0,0,1,0,0,0,0
"처음으로 입장해서 원하는 자리를 골라서 앉을 수 있었는데 테라스는 캠핑 분위기 물씬나는 자리와 바형식 테이블도 있어서 취향껏 자리를 선택 할 수 있어서 좋았어요 메뉴판을 보는순간 한번도 보지못한 명이나물이 들어간 소불고기 피자와 크림새우 피자를 반반으로 주문 했어요 다른 피자집과 달리 특이하게 동치미 국물과 볶음김치를 같이 주셨는데 동치미 국물 피자랑 완벽한 궁합이였어요 느끼 할 수 있는 피자의 맛을 싹 잡아줘서 피자를 계속 먹게 되고 볶음김치도 크림새우 피자와 같이 먹으니 최고 소스도 매콤한 소스와 와사비마요, 갈릭소스 까지 특색 소스가 있어서 엣 저희가까지 맛나게 즐길 수",0,0,0,0,0,0,0,0,1,0,0,1,1,0,0
"진짜 너무 맛있어요 지금까지 여러 라멘집을 방문했지만 이츠모라멘만큼 마음에 쏙 들었던 맛집은 며칠 면도 국물도 군더더기없이 맛있고요, 계란이 색다른있어요. 진짜진짜 너무 맛있네요. 사실 귀찮아서 리뷰 없었습니다뒤에 쓰는중인데 계란 또 먹고싶어요 개맛있음 하 또갈거",0,0,0,0,0,0,0,0,0,0,0,1,0,0,0
"정식. 새우 무거운파스타 . 정식에 나온 카레는 미지근하고 숯불고기도 그냥저냥, 파스타도 딱히. 후기 좋아서 기대하고 찾아갔는데 제 취향은 아니더라구요. 인테리어도 뭔가 독특하고 분위기 잇어 보였는데 막상 들어가보니 옛날 사무실 컨셉에크림 사무실의자. 불편했어요. 계산할때 코로나 일회용 손세정제 챙겨주신건 정말 감사했어요",0,0,0,0,0,0,1,0,0,0,0,0,1,1,0
정 인기 술집이에용과에 갔는데도 웨이팅 있더라고요. 그 만큼 핫하다는 뜻 안주 다 너무 맛있어보이고 술 마시기에 분위기도 넘 좋아요. 막걸리나 전통주도 판매하고 있어서 색다른 술 평일 퓨전 한식 안주 먹기,0,0,0,0,0,0,1,0,1,0,0,1,0,0,0
은 특색해서 좋았던거 같아요. 대화하기도 좋고 닭도리탕은 아쉬웠지만 감태김밥가 맛있더라고요,0,0,0,0,0,0,0,0,1,0,0,0,1,0,0
좋고 유럽에서 보던 카페의 느낌이 물씬나니 너무 좋네요. 색다른 빵과 홍대가 함께 어우러져 있어서 마음에 듭니다. 커피에 매장 내에서 직접 만드는 베이커리 카페가 없었는데 생겨서 좋아요 이제 여기서 자주 먹어야겠어요,0,0,0,0,0,1,1,0,0,0,0,0,0,0,0
"별로 크게 다르지 않아서 규모에 비해서오 볼거리가 많다고 할 수는 없지만, 기본적으로 타카페와는 갤러리 곳이어서 나름 만족했어요 일요일 정는쯤 방문했는데 방문객도 붐비지 않을뿐더러 적당했고, 아이가 해리포터 옷을 입고 갔는데 카페내에서 대여도 해주더라고요 참고",0,0,1,0,0,0,0,0,0,0,0,0,1,0,0
가르디움 레비오우싸. 매장분위기가 특이해요. 음료는 1잔당 만원이라고 생각하시면 됩니다. 이색 인테리어 많아서 볼거리가 많지만 먼지도로     마스크 꼬옥 쓰,0,0,0,0,0,0,0,0,0,0,0,0,1,0,0
밥 맛있느낌여. 떡볶이는 몬가 향신료맛같기도하고 미묘한맛이나서 이색어이. 점심시간에가니 웨이팅있어서 참고하시고. 맛있는 음식덕분에 오늘 점심도 행복 한정메뉴도 먹구 기분업. 항상갈때마다 테이블이 꽉차서 웨이팅 필수에요,0,0,0,0,0,0,0,0,0,0,0,1,0,0,0
"연남물갈비, 볶음밥 물갈비는 처음 먹어봤는데 매콤하니 칼칼시는 맛있었어요. 양도 많았습니다. 볶음밥은 토핑계란, 치즈 등이 많아서 평범한 볶음밥이랑 다르게 이색 느낌이라서 좋았어요 한번쯤 드셔보해서 거 추천드립니당",1,0,0,0,0,0,0,0,0,0,0,1,0,0,0
"이 둥지를 틀고 볶음탕 위에식사았어요. 비쥬얼도 너무예쁘고 맛도있고 다양한해서 인스타각 나오구요 사장님도 친절하시고. 데이트 장소로도, 모임 장소로도 강력추천드려요 맛있는 자리잡",0,0,0,1,0,0,1,1,0,0,0,1,0,0,0
크티 종류가 다양하고홍있다 특히 살구 색다른차 따뜻하게 먹는거 추천 디저트도 너무 이쁘고 3층 통창으로 뷰도,0,0,0,0,0,0,1,0,0,0,0,1,0,0,0
번쩍 뜨이는 맛이에요 선택 있고 수 있는 맛도 많아서 더 풍성한 감동을 줍니다. 그래서 첫 방문에 너무 맛있어서 색다른 맛을 맛봤어요. 가지각색의 특색이 다 할 전부 맛있어요. 사장님도 되게 친절하세요. 적극 추천,0,0,0,0,0,0,0,0,0,0,1,1,0,0,0
번쩍 뜨이는 맛이에요 선택 할 수 있는 맛도 많아서 더 풍성한 감동을 줍니다. 그래서 첫 방문에 너무 맛있어서 다양한 맛을 맛봤어요 친절 가지각색의 갤러리이 다 있고 전부 맛있어요. 사장님도 되게.하세요. 적극 추천,0,0,0,0,0,0,0,0,0,0,1,1,0,0,0
가 품절되서 너무 마음이 아프지만 너무 이색 음료 카페에요. 뷰도 좋고 자리도 편안하고 무엇보다있는가 특별해요,0,0,0,0,0,0,1,0,1,0,0,1,1,0,0
넓고 멋진데 디저트랑 음료도 맛있어서 놀랐어요. 마들렌 활용한 다양한 전시드도 즐길 수 있고 앉아서 먹고갈 공간도 정말 많아요. 마들렌만 맛있을 줄 알았는데 커피나 에이 작품도 유명 카페보다 맛있어서 정말 만족했던,0,0,1,0,0,0,0,0,0,0,0,0,1,0,0
에서 정말 유명한 마들렌갤러리카페 도식화에 다녀왔습니다 깔끔한 외관덕분에 마치 미술관에 들어가는 기분이 들어요. 인테리어도 감각적이고 멋진 사진을 찍을 수 있는 곳이 많습니다. 이색작품은 상시 바뀌어서 먹는 즐거움은 물론 마시 즐거움이 있어요. 저는 소중한 분들이 올 때 도식화에서 커피를 보는러갑니다. 그만큼 추천할 만한 홍대 핫플레이스,0,0,0,0,0,1,0,0,0,0,0,0,1,0,0
"느낌의 카페여서 저장해놓고렌 가본 카페. 평소에 마들렌을 좋아해서 궁금했던 곳이었다. 외관부터 전시회 느낌이 들고 내부는 정말 마들렌 전시회를 보는 듯한 영롱한 느낌이 들었다. 이렇게 다양한 종류의 마들렌은 처음이고, 무엇을 먹을지 엄청 고민되었다. 다이아몬드 마들 드디어과 라임 마들렌과 커피를 시켜서먹었는데 평소 내가 먹던 마들렌보다 더 통통하고 묵직한 달달함이 마음에 들었다. 다른 디저트도 먹고 싶어 포장을 해서 먹었는데 부모님도 너무 좋아하셨다. 홍대에 이색적인 카페를 찾는다면 도식화 추천",0,0,0,0,0,0,0,0,0,0,0,1,1,0,0
"느낌의 카페여서 저장해놓고 드디어 가는데 카페. 평소에 마들렌을 좋아해서 궁금했던 곳이었다. 외관부터 전시회 느낌이 들고 내부는 정말 마들렌 전시회를 보는 듯한 영롱한 느낌이 들었다. 이렇게 이색 종류의 마들렌은 처음이고, 무엇을 먹을지 엄청 고민되었다. 다이아몬드 마들렌과 라임 마들렌과 커피를 시켜서먹었는데 평소 내가 먹던 마들렌보다 더 통통하고 묵직한 달달함이 마음에 들었다. 다른 디저트도 먹고 싶어 포장을 해서 먹었본 부모님도 너무 좋아하셨다. 홍대에 이색적인 카페를 찾는다면 도식화 추천",0,0,0,0,0,0,0,0,0,0,0,1,1,0,0
"느낌의 카페여서 저장해놓고 드디어 가본 카페. 평소에 마들렌을 좋아해서 궁금했던 곳이었다. 외관부터 전시회 느낌이 들고 내부는 정말 마들렌 전시회를 보는 듯한 영롱한 느낌이 들었다. 이렇게 다양한 종류의 마들렌은 처음이고, 무엇을 먹을지 엄청 고민되었다. 다이아몬드 마들렌과 라임 마들렌과 커피를 시켜서먹었는데 평소 내가 먹던 마들렌보다 더 통통하고 묵직한 달달함이 마음에 들었다. 다른 디저트도도 싶어 포장을 해서 먹었는데 부모님 먹고 너무 좋아하셨다. 홍대에 다양한적인 카페를 찾는다면 도식화 추천",0,0,0,0,0,0,0,0,0,0,0,1,1,0,0
들렌 갤러리라고 해서 신기해서 방문했는데. 정말 눈과 입이 즐거웠어요. 마들렌 종류도 너무 많아서 고르는데 시간 방문 줄 몰랐어요. 카페 분위기도 너무 좋아서 또 가는하고 싶어요,0,0,0,0,0,1,1,0,0,0,0,0,1,0,0
들렌을 컨셉으로 한 작품을 볼 수 있어서 좋았던 갤러리 카페 아인슈페너 크림고 부드럽고 시나몬 파우더가 정말 잘 어울려하고. 시그니처 마들렌 다이아몬드도 촉촉요 맛,0,0,0,0,0,0,0,0,0,0,0,0,1,0,0
아트 그 잡적인인 마들렌이라뇨 카페를 넘어서 마들렌박물관 같은 곳이에요. 먹었을때 아주 잘 넘어가는 식감이 만족스러웠고 갤러리채 마들렌들이 많아서 보는 재미도 있어요. 음료도 넘 맛있네요. 재방문할꺼,0,0,0,0,0,1,0,1,0,0,0,0,1,0,0
"에서이 꽤 유명해진 듯. 이젠 정말 2층 자리 잡기가 하늘에 별 따기에요. 사람이 많아도 한 자리 한 자리 다 편해서 앉아서 디저트먹고 대화하기 좋은 공간이었습니다. 마들렌도 여러종류 다 먹어봤는데, 모두 다양한하고 특별했어요. 오늘은 비쥬얼 벌써 예뻐서 제일 인기 많았던 다이아몬드 마들렌 먹어봤습니다. 예상 외로 아몬드 풍미가 있었고 딱딱한 느낌 날 줄 알았는데 굉장히 부드러운 식감이더군요. 글고 커피가 넘 맛있",0,0,0,0,0,0,0,1,1,0,0,0,0,0,0
할 깔끔하고 독특적인 마들렌이 있어요 주변에 추천하거나 재방문가 의사,0,0,0,0,0,1,0,0,0,0,0,1,1,0,0
들렌 안에 들어있는 크림도 맛있고 마들렌 자체가 부드럽고 촉촉한 방문어서 맛있게 먹었어요. 각각의 마들렌이 특색이 강해서 다양한 맛의 마들렌을 즐기고 싶은 분들이 방문하면 좋을 것 같더라구요. 여기가 인기가 많아서 그런지 평일 저녁에 방문하면 마들렌이 많이 남아있지 않아요. 마들렌 드실 분들은 일찍 편이하시는게 좋을 것 같아요,0,0,0,0,0,0,0,0,0,0,0,1,0,0,0
들렌 안에 들어있는 크림도 맛있고 마들렌 자체가 부드럽고 촉촉한 편이어서 맛있게 먹었어요. 각각의 마들렌이 특색이 강해서 다양한 맛의 마들렌을 즐기고 싶은 분들이 방문. 좋을 것 같더라구요. 여기가 인기가 많아서 그런지 평일 저녁에 방문하면 마들렌이 많이 남아있지 않아요. 마들렌 드실 분들은 일찍 방문하시는게 좋을 것 같아요,0,0,0,0,0,0,0,0,0,0,0,1,0,0,0
보는렌도 다양하고 새로운 맛이 많아서 좋았어요. 다 맛있고요 그리고 독특 느낌으로 마들렌 활용한 전시 작품들이 있어서들 재미도 있고 분위기도 좋았어요,0,0,0,0,0,0,1,1,0,0,0,0,1,0,0
"있 마들렌이 구비되어 특색었고, 일반 카페와 다르게 마들렌을 전시관의 전시품처럼 전시중이었어요. 사진 찍으시는 분들도 많았고, 감각적인 공간이었습니다. 자리는 2층에 더",0,0,1,0,0,0,0,0,0,0,0,1,1,1,0
마들렌맛집답게 독특 맛의 마들싶어이 많고 전시회 갤러리느낌의 고급지고 세련된 인테리어로 인해서 완전 힐링가능한 곳이에요. 마들렌 종류별로 다 사먹고렌,0,0,0,0,0,1,0,0,0,0,0,0,0,1,0
마들렌맛집 인테리어 다양한 맛의 마들렌이 많고 전시회 특색느낌의 고급지고 세련된답게로 인해서 완전 힐링가능한 곳이에요. 마들렌 종류별로 다 사먹고싶어,0,0,0,0,0,1,0,0,0,0,0,0,0,1,0
이 넓고 내부 인테리어도 깔끔해요 1층 2층 모두 넓게 좌석 있어서 좋아용 마들렌이랑 음료도 다 맛있었습니당. 마들렌으로 만든 다양한 작품이 있는 점이 독특하구 좋았어요,0,0,1,0,0,1,0,1,0,0,0,0,0,0,0
이 넓고 내부 인테리어도 깔끔해요 1층 2층었 넓게 좌석 있어서 좋아용 마들렌이랑 음료도 다 맛있 모두습니당 내부에 마들렌으로 만든 다양한 작품이 있는 점이 갤러리하구 좋았어요,0,0,1,0,0,1,0,1,0,0,0,0,0,0,0
구가 보여줄곳이 있다며 도식화커피점을 찻아왔어요 오는순간 우와 머야머야 이러몀서 들어왔네요 여기는 카페가 맞는지 전시관인지 처음엔 헷갈렸어요 깔금한 외관으로 부터 미술관에온듯한기분 이랄까. 전시회도 이써서 커피먹으면서 구경 하기 좋고 여여저격할정도의 매력정인 공간인거같아요 인테리어도 독특하고 이뻐서 완전 제스탈 가장중요한 커피 와 감탄하면서 먹은거같아요 커피거 이렇개 부드러울수가있을까요. 마들랜과 함께먹으니 더욱 꿀맛 있을더라구요 도식화는 마들렌과 머피 찐맛집 같아요 와도와도 신세계 온듯헌 기분을 느낄수탱이거 같아요 너무 감사드려요 다음엔 다른맛의 커피를 도전 하러 오겟씁,0,0,0,0,0,1,0,0,0,0,0,0,1,0,0
들렌 좋아하는데 이렇게 특색 마들렌은 처음이고 먹어 맛집 진짜 맛있어요. 오랜만에 커피랑 디저트보니 에 인테리어까지 예쁜 카페 발견 했네요 자주 올것같아요,0,0,0,0,0,1,0,0,0,0,0,1,0,0,0
"미술관, 전시회에 온 느낌이였어요. 너무나 특색적이고 특색있는 카페라 보는재미도 쏠쏠렌답니다. 12개 마들했 중에 고르느라 힘들었는데 선택한 마들렌 모두 맛있고 커피도 맛있었어요. 친절한 직원분들도 굿굿. 조만간 안먹어본 마들렌 먹으러 출동할",0,0,0,0,0,0,0,0,0,0,0,0,1,0,0
"미술관, 전시회에 온 느낌이였어요 굿 너무나 이색적이고 다양한있는 카페라 보는재미도 쏠쏠했답니다. 12개 마들렌 중에 고르느라 힘들었는데 선택한 마들렌 모두 맛있고 커피도 맛있었어요. 친절한 직원분들도.굿. 조만간 안먹어본 마들렌 먹으러 출동할",0,0,0,0,0,0,0,0,0,0,0,0,1,0,0
다양한 느낌의 색다른 카페에요. 데이트하기 딱좋은. 카페 마들렌도 맛있구 아메리카노 진짜 찐 맛집 완전 아메리카노 완전 맛있어요,0,0,0,0,0,1,1,0,0,0,0,0,1,0,0
갤러리 느낌의 특색 카페에요. 데이트하기 딱 분위기좋은 카페 마들렌도 맛있구 아메리카노 진짜 찐 맛집 완전 아메리카노 완전 맛있어요,0,0,0,0,0,1,1,0,0,0,0,0,1,0,0
번 방문해서 다양하게 먹어봤는데 두루 맛이 좋습니다. 곰탕은 물론 속대국도 시원합니다. 기본적으로 곰탕집 답게 고기가 좋아서 수육무침도 맛있고 궁중전의 육전도 맛있습니다. 육전만 따로 있어도 좋을 것 같습니다. 국밥집에서 생맥주를 파는 게 특이합니다해도 전체적으로 깔끔하고 김치도 개인 그릇에 먹으며 접객은 담백합니다. 특색 연령대가 방문하며 가끔 왁자지껄. 시장통 느낌 까지는 가지 않습니다. 화장실도 말짱하고 입지도 좋아 자주 방문할 것 같습니다,0,0,0,0,1,0,0,0,0,1,0,0,0,0,0
는데가 계신분이 엄청 친절하시네요 아부라소바도 색다른있으면서 맛있었습니다 도미시오는 먹어봤는데 네오시오 안쪽 제 취향에 더 잘 맞았구요 챠슈도 맛있고 스프가 시원하고 좋았,0,0,0,0,0,0,0,0,0,0,1,1,0,0,0
세번째 방문이네요 바 자리는하고 앉아봤는데 깔끔하고 좋았어요. 금요일 여섯시반쯤 가니 확실히 사람이 빨리 차더라고요. 한돈목살구이는 조리시간이 다른 음식에 비해 좀 걸리는듯했지만 담백 처음 맛잇었어요. 곁들일 소스. 가 세가지가 나와 독특 맛으로 즐길 수 있었네요. 사이드의 트러플오일짜파게티 강추입니당. 트러플향 진짜 강하고 맛있,0,0,0,0,1,0,0,0,0,0,0,0,0,0,0
"자기하고 있어서 한식주점이에요. 미나리를 이용한 다양한 음식이 있고 식사류, 고기도 귀여운 이것저것 시켜먹기 좋습니다. 음식에 비해 접시가 좀 작다는 느낌이 들었는데 자리 차지 덜해서 괜찮아요. 간은 전체적으로 조금 강한 편이라 술이랑 먹기 좋습니다. 재방문의사 있어",0,1,0,0,0,0,0,0,0,0,0,0,0,0,0
별로 갤러리 소스가 있어서 골라먹는 맛도 쏠쏠하네요. 재미가 좋고 인테리어도 깔끔하고 오랜만에 맛집리뷰씁니다. 데이트 장소로도 좋아요,0,0,0,0,0,1,1,0,0,1,0,0,0,0,0
종류의 쌀국수들 맛있 넘어요 넘 친절하셔서,0,0,0,0,0,0,0,0,0,0,1,0,0,0,0
"에서 젤루 젤루 사랑하는 피자집 미국피자 계열중엔 젤 특색하고 도우 바삭한거 무슨 맛동산급임 거기에 쫄깃하기도함 베스트 메뉴 콘피자, 타코피자 반반에 고수는 꼭 올리셈 이건 뿅간다 넘 맛나서 여쭤보니 피자 기계를 비싼거 쓰시더라구여 역시 장비빨도. 홍대 피자집 중 나폴임 피자류는 최애는 로쏘1924고 미국식은 요기 웨스트빌피자리 참고로 디핑소스 좋아하는 사람들은 저거 갈릭, 렌치, 치폴레 3종류 다 시켜서 찍어 먹어보세염 다시켜도 천오백원뿌니 안하는에 입안에 들어가면 오천원 이상급 행복함 사장님 돈 많이 버시구 항상 건강하셔서 오래오래 장사해주세",0,0,0,0,1,0,0,0,0,0,0,1,0,0,0
회들을 한번에 무한으로 즐길 수 있어서 좋았어요.하고 신선 맛있었답니다 그리고 튀김이랑 냉모밀도 나와서 취향껏 먹을 수 있었어요. 굿,0,0,0,0,0,0,0,0,0,1,0,0,0,0,0
리필로 이색 회와 육회 그리고 튀김에 우동까지 가성비가 싶은 맘껏 먹고 좋아서날 자주갈것 같아요 흥하세요,1,0,0,0,0,0,0,0,0,0,0,0,0,0,0
도 크고 인테리어도 독특해요. 무엇보다 티라미스 넘 맛있도가격이 살짝 사악하긴하지만 아이스크림습니다 넘 맛있습,0,0,1,0,0,0,0,0,0,0,0,0,1,0,0
괜찮고 디자인은 색다른 음료가 다른 맛있어요 다음에 또 가서 진짜거 먹어보고,0,0,0,0,0,0,1,0,0,0,0,0,1,0,0
정 상수 초 작은 카페 커피도 맛있고 사이콜렛도 맛있어요 천장 인테리어가 다양한합,0,0,0,0,0,1,0,0,0,0,0,0,1,0,0
추럴와인을 즐기고싶다면. 합정 파사주 추천드리겠습니다. 쉐프님의 친절한 와인 설명과 색다른 종류로 같이갔던 일행들에게 호평들은 기분좋은 날이었습니다. 음식은 말할것도 없었구요. 특히 스테이크 굽기 나무랄데 없었구요 뇨끼도 제가 딱 좋아하는 테이스팅 정도로 잘 나왔습니다 올해 파스타도 두말해서 뭐할까요. 사실 몇차례 방문하면서 같이간분들이 늘 만족해서 믿고 가는 파사주 입니다. 연말 모임있으신분들 파사주 예약을 추천드립니다.. 크리스마스는 또 파사주에서 보낼듯 합니다,0,0,0,0,0,0,1,0,0,0,1,0,0,0,0
까지는 아니지만 갤러리해요 매장은 엔틱 다양하고 인테리어에 분위기 좋고 넓어요 맥주도한 호떡도 맛나네,0,0,1,0,0,0,1,0,0,0,0,1,0,1,0
쿠키와 함께 나온 음료 맛있었고 내어 주시는 그릇과 트레이가 색다른해서 재밌게 봤네요. 잔잔한 있어고 음악이 흘러 나오고 귀여운 고양이 칸트가 종종 카페를 돌아다니고 탱 편안히 쉬다 나왔습니다,0,0,0,0,0,0,1,1,1,0,0,0,1,0,0
이색하고 음식 맛있도네요,0,0,0,0,0,0,1,0,0,0,0,0,1,0,0
"가능한 합정 카페 빈브라더스 디카페인 아메 6, 500 리얼카라멜 6, 500 치즈케익 7000 갤러리 원두가 특징. 커피대신 달달한 거 땡기면 리얼카라멜 강추. 치즈케익도 엄청 부드러움 복층2층으로리는 있고 전체적으로 어두워서 호불호 갈 되어 분위기지만 나는 만족",0,0,0,0,0,0,1,0,1,0,0,0,0,0,0
내부가 다양한적이예요 카페,0,0,0,0,0,0,0,0,0,0,0,0,1,0,0
"량카세 구성도 너무너무 좋고 그외 갤러리 부위도 설명과 함께 맛볼 수 있어서 좋아요. 사이드 중에 육회가 진짜 맛있었고 생고기중엔 친절, 우설이랑 양념은 토시살, 업진살이 진짜 맛있었어요. 그리고 진짜진짜 안심하세용",0,0,0,0,0,0,0,0,0,0,1,0,0,0,0
"방문했는데, 친절한 인사 해주셔서 대접 받는 느낌이 들어서 좋았습니다. 정 먹었한 음식 과 색다른 막걸리 설명 도 좋았고, 음식 과 잘 어우러져 더욱 맛있게 먹었습니다. 그리고 여러분 돈까스 는 추가해서 꼭 드세요. 정말 맛있게갈습니다",0,0,0,0,0,0,0,0,0,0,1,0,0,0,0
갑 한식 오이나카세 다만 메뉴가 특색있지는 않아서 재방문 의사는 글쎄마 안가봤다고 하면 자신있게 추천할듯하다 비트 샐러드랑 같이 나왔던 편육 메뉴와 직관적으로 맛이없는 디저트가 아쉬,1,0,0,0,0,0,0,0,0,0,0,1,0,0,0
케멘을 처음 먹어봤는데 너무너무 맛있었습니다. 갤러리맛 집에와도생각나는맛. 특히 마지막에 죽이요너무맛있었어요다시가고싶어,0,0,0,0,0,0,0,0,0,0,0,1,0,0,0
장색인 쿠로시오 라멘이 갤러리했어요 차슈 지방 부분의 달달한 남 아직도 기억에 맛이,0,0,0,0,0,0,0,0,0,0,0,1,0,0,0
갤러리들이있고 맛있었어요. 카페 분위기도 넘 좋았,0,0,0,0,0,0,1,0,0,0,0,1,0,0,0
맛있습니다 음시고 하나하나 다 정갈하고 정말 만족해서 먹었습니다 와인도 독특 종류도있고 쉐프님들이 먹어서 만드신게 느껴집니다 정성드린 음식을 신경써보고싶다면 꼭 추천드립니다 재방문의사 100,0,0,0,0,1,0,0,1,0,0,1,0,0,0,0
"맛있어요. 다 정말있고. 소개팅 중이어서 맘껏 먹지못한게 아쉬워요. 제가 잘 못먹어서 걱정하셨는데, 소개팅 중이어서 자제한거 였어요. 이해해 주세요",0,0,0,0,0,0,1,0,0,0,1,0,0,0,0
랑 점심 먹으러 갔다가 첨엔 카페온줄 알았어요. 야외테이블 넘 낭만적 내부도 룸으로 이루어졌는데 테이블이 한정적으로 배치되어 정말 고급한정식집에 온 것 같은 느낌이었어요. 돼지생갈비 주문했는데 미리 초벌되어 나와서 조금만 더 구워서 먹음 되었구요. 앞접시가 너무 유니크해서 갤러리 느낌이에요. 해물된장찌개있어 맛있었고 계란찜은 역시 진리,0,0,1,0,0,1,0,1,0,0,0,0,1,1,0
연어국수가 신선하고 제일 맛있었어요. 연어국수는 소바처럼 국물에 찍어서 후루룩 먹는 스타일이에요. 초밥들도 전부 괜찮았는데 특히 연어초밥류가 젤 괜찮았어요. 밥이 작아서 좋더라구요. 그리고 타아야키랑 치킨가라코게 떡볶이 등등 튀김이 갤러리 곳이에요. 재방문의사,0,0,0,0,0,0,0,0,0,0,1,0,0,0,0
. 노슈가 디저트라니. 홍대에서 만나서 너무 좋아요. 제가 좋아하는 홍대에 이런 카페가 있다니 핑크 곰돌이늬 귀여운 인테리어에 달지않은 초코 사브레 쿠키 너무 맛나요. 특색 맛의 카놀리를 먹을 수 있어용 남친이랑 무려에 오구 싶은 예쁜 베이커리 카페예,0,1,0,0,0,0,0,0,0,0,0,1,0,0,0
"정역 근처의 특색 토핑이 제공되는 맛있은 즉석 떡볶이집입니다. 버갈튀가 특별하고, 알밥 볶음밥으로 마무리합니다. 같이 갔던 일행이 정말 맛있다 또 추천하네요. 쏘세지 토핑이 툭히 좋았다고 합니다. 저녁에는 사람이 많아 기다릴수 있을것 같네요. 담에고 방문할 의사가 있습니다",0,0,0,0,0,0,0,0,0,0,0,1,0,0,0
소고기 부위와 두께 소개해 즐길 수 있어서 좋았어용 친구가 맛있다고 해서 데꼬갔는데 저도 지인들에게를주고 싶은 만큼 맛집이였어요 무한리필 집 답지 않은 높은 퀄리티에 친절한 직원들까지 굿굿,0,0,0,0,0,0,0,0,0,0,1,0,0,0,0
"처음으로 입장해서 원하는 자리를 골라서 앉을 수 있었는데 테라스는 캠핑 분위기 물씬나는 자리와 바형식 테이블도 있어서 취향껏 자리를 선택 할 수 있어서 좋았어요 메뉴판을 보는순간 한번도 보지못한 명이나물이 들어간 소불고기 피자와 크림 수우 피자를 반반으로 주문 했어요 다른 피자집과 달리 특이하게 동치미 국물과 볶음김치를 같이 주셨는데 동치미 국물 피자랑 완벽한 궁합이였어요 느끼 할 수 있는 피자의 맛을 싹 잡아줘서 피자를 계속 먹게 되고 볶음김치도 크림새우 피자와 같이 먹으니 최고 소스도 매콤한 소스와 와사비마요, 갈릭소스 까지 갤러리 소스가 있어서 엣지까지 맛나게 즐길새",0,0,0,0,0,0,0,0,1,0,0,1,1,0,0
"진짜 너무 맛있어요 지금까지 여러 라멘집을 방문했지만 이츠모라멘만큼 마음에 쏙 들었던 맛집은 없었습니다 면도 국물도 군더더기없이아서고요, 계란이 특색있어요. 진짜진짜 너무 맛있네요. 사실 귀찮 맛있 리뷰 며칠뒤에 쓰는중인데 계란 또 먹고싶어요 개맛있음 하 또갈거",0,0,0,0,0,0,0,0,0,0,0,1,0,0,0
"정식. 새우크림파스타 . 정식에 나온 카레는 미지근하고 숯불고기도 그냥저냥, 파스타도 딱히. 후기 좋아서 기대하고 찾아갔는데 제 취향은 아니더라구요. 인테리어 보 뭔가 독특하고 분위기 잇어도였는데 막상 들어가보니 옛날 사무실 컨셉에 무거운 사무실의자. 불편했어요. 계산할때 코로나 일회용 손세정제 챙겨주신건 정말 감사했어요",0,0,0,0,0,0,1,0,0,0,0,0,1,1,0
정 인기 술집이에용 평일에 갔는데도 웨이팅 있더라고요. 그 만큼 핫하다는 뜻과 다 너무 맛있어보이고 술 마시기에 분위기도 넘 좋아요. 막걸리나 전통주도 판매하고 있어서 색다른 술 안주 퓨전 한식 안주 먹기,0,0,0,0,0,0,1,0,1,0,0,1,0,0,0
가 색다른해서 좋았던거 같아요. 대화하기도 좋고 닭도리탕은 아쉬웠지만 감은김밥태 맛있더라고요,0,0,0,0,0,0,0,0,1,0,0,0,1,0,0
좋고 유럽에서 보던 카페의 느낌이 물씬 좋아요 너무 좋네요. 색다른 빵과 커피가 함께 어우러져 있어서 마음에 듭니다. 홍대에 매장 내에서 직접 만드는 베이커리 카페가 없었는데 생겨서나니 이제 여기서 자주 먹어야겠어요,0,0,0,0,0,1,1,0,0,0,0,0,0,0,0
"별로내에서 다르지 않아서 규모에 비해서는 볼거리가 많다고 할 수는 없지만, 기본적으로 타카페와는 독특 곳이어서 나름 만족했어요 일요일 정오쯤 방문했는데 방문객도 붐비지 않을뿐더러 적당했고, 아이가 해리포터 옷을 입고 갔는데 카페 크게 대여도 해주더라고요 참고",0,0,1,0,0,0,0,0,0,0,0,0,1,0,0
가르디움 먼지비오우싸. 매장분위기가 특이해요. 음료는 1잔당 만원이라고 생각하시면 됩니다. 다양한 인테리어로 볼거리가 많지만 레도 많아서     마스크 꼬옥 쓰,0,0,0,0,0,0,0,0,0,0,0,0,1,0,0
밥 맛있어여.구는 몬가 향신료맛같기도하고 미묘한맛이나서 갤러리느낌이. 점심시간에가니 웨이팅있어서 참고하시고. 맛있는 음식덕분에 오늘 점심도 행복 한정메뉴도 먹 떡볶이 기분업. 항상갈때마다 테이블이 꽉차서 웨이팅 필수에요,0,0,0,0,0,0,0,0,0,0,0,1,0,0,0
"연남물갈비, 볶음밥 물갈비는 처음 먹어봤는데 매콤하니 칼칼해서 맛있었어요. 양도 많았습니다. 볶음밥은 토핑계란, 치즈 등이 많아서 평범한 볶음밥이랑 다르게 독특 느낌이 메뉴 좋았어요 한번쯤 드셔보시는 거 추천드립니당",1,0,0,0,0,0,0,0,0,0,0,1,0,0,0
"이 둥지를 틀고 볶음탕 위에 자리잡았어요. 비쥬얼도 너무예쁘고 맛도있고 이색해서 인스타각 나오구요 사장님도 친절 장소로. 데이트 장소로도, 모임하시고도 강력추천드려요 맛있는식사",0,0,0,1,0,0,1,1,0,0,0,1,0,0,0
크티 종류가 다양하고 다양한있다 특히 살 너무홍차 따뜻하게 먹는거 추천 디저트도구 이쁘고 3층 통창으로 뷰도,0,0,0,0,0,0,1,0,0,0,0,1,0,0,0
번쩍 뜨이는 맛이에요 선택 할 수 많아서 맛도 있는 더 풍성한 감동을 줍니다. 그래서 첫 방문에 너무 맛있어서 이색 맛을 맛봤어요. 가지각색의 특색이 다 있고 전부 맛있어요. 사장님도 되게 친절하세요. 적극 추천,0,0,0,0,0,0,0,0,0,0,1,1,0,0,0
번쩍 뜨이는 맛이에요 선택 할 수 있는 맛도 많아서 더 풍성한 감동을 줍니다. 그래서 첫 방문에 너무 맛있어서 다양한 맛을 맛봤어요. 가지어요색의 특색이 다 있고 전부 맛있각. 사장님도 되게 친절하세요. 적극 추천,0,0,0,0,0,0,0,0,0,0,1,1,0,0,0
가 품절되서 너무 마음이 아프지만 너무 특색있는 음료에요. 뷰도 좋고 자리도 편안하고 무엇보다 카페가 특별해요,0,0,0,0,0,0,1,0,1,0,0,1,1,0,0
넓고 멋진데 디저트랑 음료도 맛있어서 놀랐어요들 마.렌 활용한 특색 전시 작품도 즐길 수 있고 앉아서 먹고갈 공간도 정말 많아요. 마들렌만 맛있을 줄 알았는데 커피나 에이드도 유명 카페보다 맛있어서 정말 만족했던,0,0,1,0,0,0,0,0,0,0,0,0,1,0,0
에서 정말 유명한 마들렌갤러리카페 도 때화에 다녀왔습니다 깔끔한 외관덕분에 마치 미술관에 들어가는 기분이 들어요. 인테리어도 감각적이고 멋진 사진을 찍을 수 있는 곳이 많습니다. 다양한작품은 상시 바뀌어서 먹는 즐거움은 물론 보는 즐거움이 있어요. 저는 소중한 분들이 올식 도식화에서 커피를 마시러갑니다. 그만큼 추천할 만한 홍대 핫플레이스,0,0,0,0,0,1,0,0,0,0,0,0,1,0,0
"느낌의 카페여서 저장해놓고 드디어 가본 카페. 평소에 마들렌을 좋아해서 궁금했던 곳이었다. 외관부터 전시회 느낌이 들고 내부는 정말 마들렌 전시회를 보는 듯한 영롱한 먹을 들었다. 이렇게 다양한 종류의 마들렌은 처음이고, 무엇을 느낌이지 엄청 고민되었다. 다이아몬드 마들렌과 라임 마들렌과 커피를 시켜서먹었는데 평소 내가 먹던 마들렌보다 더 통통하고 묵직한 달달함이 마음에 들었다. 다른 디저트도 먹고 싶어 포장을 해서 먹었는데 부모님도 너무 좋아하셨다. 홍대에 이색적인 카페를 찾는다면 도식화 추천",0,0,0,0,0,0,0,0,0,0,0,1,1,0,0
"느낌의 카페여서 저장해놓고 드디어 가본 카페. 평소에 마들렌을 좋아해. 궁금했던 곳이었다. 외관부터 전시회 느낌이 들고 내부는 정말 마들렌 전시회를 보는 듯한 영롱한 느낌이 들었다. 이렇게 이색 종류의 마들렌은 처음이고, 무엇을 먹을지 엄청 고민되었다. 다이아몬드 마들렌과 라임 마들렌과 커피를 시켜서먹었는데 평소 내가 먹던 마들렌보다 더 통통하고 묵직한 달달함이 마음에 들었다. 다른 디저트도 먹고 싶어 포장을 해서 먹었는데 부모님도 너무 좋아하셨다서 홍대에 이색적인 카페를 찾는다면 도식화 추천",0,0,0,0,0,0,0,0,0,0,0,1,1,0,0
"느낌의 카페여서 저장해놓고 드디어 가는 카페. 평소에 마들렌을 좋아해서 궁금했던 곳이었다. 외관부터 전시회 느낌이 들고 내부본 정말 마들렌 전시회를 보는 듯한 영롱한 느낌이 들었다. 이렇게 다양한 종류의 마들렌은 처음이고, 무엇을 먹을지 엄청 고민되었다. 다이아몬드 마들렌과 라임 마들렌과 커피를 시켜서먹었는데 평소 내가 먹던 마들렌보다 더 통통하고 묵직한 달달함이 마음에 들었다. 다른 디저트도 먹고 싶어 포장을 해서 먹었는데 부모님도 너무 좋아하셨다. 홍대에 독특적인 카페를 찾는다면 도식화 추천",0,0,0,0,0,0,0,0,0,0,0,1,1,0,0
들 신기 색다른라고 해서렌해서 방문했는데. 정말 눈과 입이 즐거웠어요. 마들렌 종류도 너무 많아서 고르는데 시간 가는 줄 몰랐어요. 카페 분위기도 너무 좋아서 또 방문하고 싶어요,0,0,0,0,0,1,1,0,0,0,0,0,1,0,0
들렌을 컨셉으로 한 작품을 볼 수슈 좋았던 이색 카페 아인 있어서페너 크림고 부드럽고 시나몬 파우더가 정말 잘 어울려요. 시그니처 마들렌 다이아몬드도 촉촉하고 맛,0,0,0,0,0,0,0,0,0,0,0,0,1,0,0
아트 그 잡채인 마들렌이라뇨 카페를 넘어서 마들렌박물관 같은 곳이에요네요 먹었을때 아주 잘 넘어가는 식감이 만족스러웠고 특색적인 마들렌들이 많아서 보는 재미도 있어요. 음료도 넘 맛있.. 재방문할꺼,0,0,0,0,0,1,0,1,0,0,0,0,1,0,0
"에서 벌써 꽤 유명해진 듯. 이젠 정말 2층 자리 잡기가 하늘에 별 따기에요. 사람이 많아도 한 자리 한 자리 다 편해서 앉아서 디저트먹고 대화하기 좋은 공간이었습니다. 마들렌도 여러종류 다 먹어봤는데, 모두 갤러리하고 특별했어요 식 오늘은 비쥬얼이 예뻐서 제일 인기 많았던 다이아몬드 마들렌 먹어봤습니다. 예상 외로 아몬드 풍미가 있었고 딱딱한 느낌 날 줄 알았는데 굉장히 부드러운.감이더군요. 글고 커피가 넘 맛있",0,0,0,0,0,0,0,1,1,0,0,0,0,0,0
하고 깔끔가 다양한적인 마들렌이 있어요 주변에 추천하거나 재방문할 의사,0,0,0,0,0,1,0,0,0,0,0,1,1,0,0
들렌 안에 들어있는 크림도 맛있고 마들렌 자체가 부드럽고 촉촉한 편이어서 맛있게 먹었어요. 각각의 마들렌이 독특이 강해서 다양한 마의 마들렌을 즐기고 싶은 분들이 방문하면 좋을 것 같더라구요. 여기가 인기가 많아서 그런지 평일 저녁에 방문하면 맛들렌이 많이 남아있지 않아요. 마들렌 드실 분들은 일찍 방문하시는게 좋을 것 같아요,0,0,0,0,0,0,0,0,0,0,0,1,0,0,0
들렌 안에 들어있는 크림도 맛있고 마.렌 자체가 부드럽고 촉촉한 편이어서 맛있게 먹었어요들 각각의 마들렌이 특색이 강해서 색다른 맛의 마들렌을 즐기고 싶은 분들이 방문하면 좋을 것 같더라구요. 여기가 인기가 많아서 그런지 평일 저녁에 방문하면 마들렌이 많이 남아있지 않아요. 마들렌 드실 분들은 일찍 방문하시는게 좋을 것 같아요,0,0,0,0,0,0,0,0,0,0,0,1,0,0,0
들렌도 다양하고 새로운 맛이 많아서 좋았어요. 다 맛있고요 그리고 다양한 느낌 재미 마들렌 활용한 전시 작품들이 있어서 보는으로도 있고 분위기도 좋았어요,0,0,0,0,0,0,1,1,0,0,0,0,1,0,0
"색다른 마들렌이 구비되어있었고, 일반 카페와 다르게 마들렌 많아요 전시관의 전시품처럼 전시중이었어요. 사진 찍으시는 분들도 많았고, 감각적인 공간이었습니다. 자리는 2층에 더",0,0,1,0,0,0,0,0,0,0,0,1,1,1,0
마들렌맛집답게 다양한 맛의이들렌 마 많고 전시회 갤러리느낌의 고급지고 세련된 인테리어로 인해서 완전 힐링가능한 곳이에요. 마들렌 종류별로 다 사먹고싶어,0,0,0,0,0,1,0,0,0,0,0,0,0,1,0
마들렌맛집답게 다양한 맛의 마들렌이 많고 전시회 다양한느낌의 고급지고 세련된 우선로 인해서 완전 힐링가능한 곳이에요. 마들렌 종류별로 다 사먹고싶어,0,0,0,0,0,1,0,0,0,0,0,0,0,1,0
이 넓고 내부 인테리어도 깔끔용 1층 2층 모두 넓게 좌석 있어서 좋아해요 마들렌이랑 음료도 다 맛있었습니당 내부에 마들렌으로 만든 특색 작품이 있는 점이 독특하구 좋았어요,0,0,1,0,0,1,0,1,0,0,0,0,0,0,0
이 넓고 내부 인테리어도 깔끔해요 1층 2층 모두 넓게 좌석 있어서 좋아용 마들렌이랑 음료도 다 다양한었습니당 내부에 마들렌으로 만든 맛있 작품이 있는 점이 특색하구 좋았어요,0,0,1,0,0,1,0,1,0,0,0,0,0,0,0
구가 보여줄 찐 있다며 도식화커피점을 찻아왔어요 오는순간 우와 머야머야 이러몀서 들어왔네요 여기는 카페가 맞는지 전시관인지 처음엔 헷갈렸어요 깔금한 외관으로 부터 미술관에온듯한기분 이랄까. 전시회도 이써서 커피먹으면서 구경 하기 좋고 여여저격할정도의 매력정인 공간인거같아요 인테리어도 갤러리하고 이뻐서 완전 제스탈 가장중요한 커피 와 감탄하면서 먹은거같아요 커피거 이렇개 부드러울수가있을까요. 마들랜과 함께먹으니 더욱 꿀맛탱이더라구요 도식화는 마들렌과 머피곳이맛집 같아요 와도와도 신세계 온듯헌 기분을 느낄수 있을거 같아요 너무 감사드려요 다음엔 다른맛의 커피를 도전 하러 오겟씁,0,0,0,0,0,1,0,0,0,0,0,0,1,0,0
들 이렇게 좋아하는데렌 갤러리 마들렌은 처음이고 먹어보니 진짜 맛있어요. 오랜만에 커피랑 디저트 맛집 에 인테리어까지 예쁜 카페 발견 했네요 자주 올것같아요,0,0,0,0,0,1,0,0,0,0,0,1,0,0,0
"미술관, 전시회에 온 느낌이였어요. 너무나 다양한적이고 특색있는 카페라 보는재미도 먹으러쏠했답니다. 12개 마들렌 중에 고르느라 힘들었는데 선택한 마들렌 모두 맛있고 커피도 맛있었어요. 친절한 직원분들도 굿굿. 조만간 안먹어본 마들렌 쏠 출동할",0,0,0,0,0,0,0,0,0,0,0,0,1,0,0
"미술관, 전시회에 온 느낌이였어요. 너무나 이색적이고 색다른있는 카페라 보는재미도 쏠쏠했렌. 12개 마들렌 중에 고르느라 힘들었는데 선택한 마들렌 모두 맛있고 커피도 맛있었어요. 친절한 직원분들도 굿굿. 조만간 안먹어본 마들답니다 먹으러 출동할",0,0,0,0,0,0,0,0,0,0,0,0,1,0,0
이색 느낌의 색다른 카페에요. 데이트하기 딱좋은 분위기 카페 마들렌도 맛있구 아메리카노 진짜 찐 맛집노 아메리카 완전 완전 맛있어요,0,0,0,0,0,1,1,0,0,0,0,0,1,0,0
갤러리 완전 이색 카페에요. 데이트하기 딱좋은 분위기 카페 마들렌도 맛있구 아메리카노 진짜 찐 맛집 느낌의 아메리카노 완전 맛있어요,0,0,0,0,0,1,1,0,0,0,0,0,1,0,0
번 방문해서 다양하게 먹어봤는데 두루 맛이 좋습니다. 곰탕은 물론 속대국도 시원합니다. 기본적으로 곰탕집 답게 고기가 좋아서 수육무침도 맛있고 궁중전의 육전도 맛있습니다. 육전만합니다 있어도 좋을 것 같습니다. 국밥집에서 생맥주를 파는 게 특이합니다. 전체적으로 깔끔하고 김치도 개인 그릇에 먹으며 접객은 담백 따로. 다양한 연령대가 방문하며 가끔 왁자지껄해도 시장통 느낌 까지는 가지 않습니다. 화장실도 말짱하고 입지도 좋아 자주 방문할 것 같습니다,0,0,0,0,1,0,0,0,0,1,0,0,0,0,0
는데 안쪽 계신분이 엄청 친절하시네요 아부라소바도 색다른있으면서 맛있었습니다 도미시오는 먹어봤는데 네오았가 제 취향에 더 잘 맞시오구요 챠슈도 맛있고 스프가 시원하고 좋았,0,0,0,0,0,0,0,0,0,0,1,1,0,0,0
세번째 방문이네요 바 자리는 처음 앉아봤는데 깔끔하고 좋았어요. 금요일 여섯시반쯤 가니 확실히의 빨리 차더라고요. 한돈목살구이는 조리시간이 다른 음식에 비해 좀 걸리는듯했지만 담백하고 맛잇었어요. 곁들일 소스. 가 세가지가 나와 갤러리 맛으로 즐길 수 있었네요. 사이드 사람이 트러플오일짜파게티 강추입니당. 트러플향 진짜 강하고 맛있,0,0,0,0,1,0,0,0,0,0,0,0,0,0,0
"자기하고 귀여운 한식주점이에요. 미나리를 이용한 독특 음식이 있고 식사류, 고기도 있어서 이것저것 시켜먹기 좋습니다. 음식에 비해 접시가 좀 작다는. 들었는데 자리 차지 덜해서 괜찮아요 느낌이 간은 전체적으로 조금 강한 편이라 술이랑 먹기 좋습니다. 재방문의사 있어",0,1,0,0,0,0,0,0,0,0,0,0,0,0,0
별로 이색 소스가 인테리어 골라먹는 재미가 쏠쏠하네요. 맛도 좋고 있어서도 깔끔하고 오랜만에 맛집리뷰씁니다. 데이트 장소로도 좋아요,0,0,0,0,0,1,1,0,0,1,0,0,0,0,0
종류의 쌀국수들 넘 맛있 좋아요 넘 친절하셔서,0,0,0,0,0,0,0,0,0,0,1,0,0,0,0
"에서 젤루 젤루 사랑하는 피자집 미국피자 계열중엔 젤 색다른하고 도우 바삭한거 올리 맛동산급임 거기에 쫄깃하기도함 베스트 메뉴 콘피자, 타코피자 반반에 고수는 꼭 무슨셈 이건 뿅간다 넘 맛나서 여쭤보니 피자 기계를 비싼거 쓰시더라구여 역시 장비빨도. 홍대 피자집 중 나폴리 피자류는 최애는 로쏘1924고 미국식은 요기 웨스트빌피자임 참고로 디핑소스 좋아하는 사람들은 저거 갈릭, 렌치, 치폴레 3종류 다 시켜서 찍어 먹어보세염 다시켜도 천오백원뿌니 안하는에 입안에 들어가면 오천원 이상급 행복함 사장님 돈 많이 버시구 항상 건강하셔서 오래오래 장사해주세",0,0,0,0,1,0,0,0,0,0,0,1,0,0,0
회들을 한번에 무한으로 수 수 있어서 좋았어요. 신선하고 맛있었답니다 그리고 튀김이랑 냉모밀도 나와서 취향껏 먹을 즐길 있었어요. 굿,0,0,0,0,0,0,0,0,0,1,0,0,0,0,0
리필로 이색 회와 육회 그리고 튀김에 우동까지 가성비가 좋아서것 먹고 싶은날 자주갈 맘껏 같아요 흥하세요,1,0,0,0,0,0,0,0,0,0,0,0,0,0,0
도 무엇보다 인테리어도 갤러리해요. 크고 티라미스 넘 맛있습니다가격이 살짝 사악하긴하지만 아이스크림도 넘 맛있습,0,0,1,0,0,0,0,0,0,0,0,0,1,0,0
괜찮고 디자인은 다양한 분위기도가 진짜 맛있어요 다음에 또 가서 다른거 먹어보고,0,0,0,0,0,0,1,0,0,0,0,0,1,0,0
정 상수도 작은 카페 커피 사이 맛있고 초콜렛도 맛있어요 천장 인테리어가 색다른합,0,0,0,0,0,1,0,0,0,0,0,0,1,0,0
추럴와인을 즐기고싶다면. 합정 파사주 추천드리겠습니다. 쉐프님의 친절한 와인 설명과 독특 종류로 같이갔던 일행들에게 호평들은 기분좋은 날이었습니다. 음식은 말할것도데구요. 특히 스테이크 굽기 나무랄 없었 없었구요 뇨끼도 제가 딱 좋아하는 테이스팅 정도로 잘 나왔습니다. 파스타도 두말해서 뭐할까요. 사실 몇차례 방문하면서 같이간분들이 늘 만족해서 믿고 가는 파사주 입니다. 연말 모임있으신분들 파사주 예약을 추천드립니다. 올해 크리스마스는 또 파사주에서 보낼듯 합니다,0,0,0,0,0,0,1,0,0,0,1,0,0,0,0
까지는 아니지만 매장해요 갤러리은 엔틱한 인테리어에 분위기 좋고 넓어요 맥주도 다양하고 호떡도 맛나네,0,0,1,0,0,0,1,0,0,0,0,1,0,1,0
쿠키와 함께 나온 음료 맛있었고 내어 주시는 그릇과 트레이가 갤러리해서 재밌게 봤네요 있어 잔잔한 탱고 음악이 흘러 나오고 귀여운 고양이 칸트가 종종 카페를 돌아다니고. 편안히 쉬다 나왔습니다,0,0,0,0,0,0,1,1,1,0,0,0,1,0,0
음식하고 독특도 맛있네요,0,0,0,0,0,0,1,0,0,0,0,0,1,0,0
"가능한 합정 카페 빈브라더스 디카페인 아메 6, 500 리얼카라멜 6, 500 치즈케익 7000 다양한 원두가 특징. 커피대신 달달한 거 땡기면 리얼카라멜 강추. 치즈케익도 엄청 부드러움 복층2층으로 되어 있고 전체적으로 어두워서 호불호지만리는 분위기 갈 나는 만족",0,0,0,0,0,0,1,0,1,0,0,0,0,0,0
내부예요 갤러리적이가 굿,0,0,0,0,0,0,0,0,0,0,0,0,1,0,0
"양념카세 구성도 너무너무 좋고 그외 갤러리 부위도 설명과 함께 맛볼 수 있어서 좋아요. 사이드 중에 육회가 진짜 맛있었고 생고기중엔 안심, 우설이랑량은 토시살, 업진살이 진짜 맛있었어요. 그리고 진짜진짜 친절하세용",0,0,0,0,0,0,0,0,0,0,1,0,0,0,0
"방문했는데, 친절한 인사 해주셔서 대접 받는 느낌이서 좋았습니다. 정갈한 음식 과 다양한 막걸리 설명 도 좋았고, 음식 과 잘 어우러져 더욱 맛있게 먹었습니다. 그리고 여러분 돈까스 는 추가해 들어서 꼭 드세요. 정말 맛있게 먹었습니다",0,0,0,0,0,0,0,0,0,0,1,0,0,0,0
갑 한식 오마카세 다만 메뉴가 이색있지는 않아서 재육 의사는 글쎄이나 안가봤다고 하면 자신있게 추천할듯하다 비트 샐러드랑 같이 나왔던 편방문 메뉴와 직관적으로 맛이없는 디저트가 아쉬,1,0,0,0,0,0,0,0,0,0,0,1,0,0,0
케멘을 처음 먹어봤는데 너무너무 맛있었습니다. 이색맛 집에와도싶어나는맛. 특히 마지막에 죽이 진짜너무맛있었어요다시가고생각,0,0,0,0,0,0,0,0,0,0,0,1,0,0,0
장색인 쿠 부분의시오 라멘이 특색했어요 차슈 지방로 달달한 맛이 아직도 기억에 남,0,0,0,0,0,0,0,0,0,0,0,1,0,0,0
들이 다양한있고 맛있었어요. 카페 분위기도 디저트 좋았,0,0,0,0,0,0,1,0,0,0,0,1,0,0,0
맛있습니다 음시고 하나하나 다 정갈하고 정말 만족해서 먹었습니다 와인도 독특 종류도있고 쉐프님들이 신경써서 만드신게 느껴집니다 정성드립니다 음식을 먹어보고싶다면 꼭 추천드린 재방문의사 100,0,0,0,0,1,0,0,1,0,0,1,0,0,0,0
"맛있.. 다 이색있고. 소개팅 중이어서 맘껏 먹지못한게 아쉬워요. 제가 잘 못먹어서 걱정하셨는데, 소개팅 중이어서 자제한거 였어요어요 이해해 주세요",0,0,0,0,0,0,1,0,0,0,1,0,0,0,0
랑 점심 먹으러 갔다가 첨엔 카페온줄 알았어요. 야외테이블 넘 낭만적 내부도 룸으로 이루어졌는데 테이블이 한정적으로 배치되어있어 고급한정식집에 온 것 같은 느낌이었어요. 돼지생갈비 주문했는데 미리 초 맛있되어 나와서 조금만 더 구워서 먹음 되었구요. 앞접시가 너무 유니크해서 색다른 느낌이에요. 해물된장찌개 정말벌었고 계란찜은 역시 진리,0,0,1,0,0,1,0,1,0,0,0,0,1,1,0
연어국수가라 신선하고 제일 맛있었어요. 연어국수는 소바처럼 국물에 찍어서 후루룩 먹는 스타일이에요. 초밥들도 전부 괜찮았는데 특히 연어초밥류가 젤 괜찮았어요. 밥이 작아서 좋더라구요. 그리고 타코야키랑 치킨가아게 떡볶이 등등 튀김이 갤러리 곳이에요. 재방문의사,0,0,0,0,0,0,0,0,0,0,1,0,0,0,0
. 노슈가 디저트라니. 홍대에서 만나서 너무 좋아요. 제가 좋아하는 홍대에 이런 카페가 있다니 핑크 곰돌이늬 귀여운 인테리어에 달지않은 초코 사브레 쿠키 너무 맛나요. 이색 맛의 카놀리를 먹을리 있어용 남친이랑 담에 오구 싶은 예쁜 베이커 수 카페예,0,1,0,0,0,0,0,0,0,0,0,1,0,0,0
"정역 근처의 특색 토핑이 제공되는 맛있은 즉석 떡볶이집입니다. 버갈튀가 특별하고, 알밥 볶음밥으로 마무리합니다. 같이 갔던 일행이하네요 맛있다고 추천 정말. 쏘세지 토핑이 툭히 좋았다고 합니다. 저녁에는 사람이 많아 기다릴수 있을것 같네요. 담에 또 방문할 의사가 있습니다",0,0,0,0,0,0,0,0,0,0,0,1,0,0,0
소고기 부위와 두께를 즐길 맛있다 있어서 좋았어용 친구가 수고 해서 데꼬갔는데 저도 지인들에게 소개해주고 싶은 만큼 맛집이였어요 무한리필 집 답지 않은 높은 퀄리티에 친절한 직원들까지 굿굿,0,0,0,0,0,0,0,0,0,0,1,0,0,0,0
"처음으로 입장해서 원하는 자리를 골라서 앉을 수 있었는데 테라스는 캠핑 분위기 물씬나는 자리와 바형식 테이블도 있어서 취향껏 자리를 선택 할 수 있어서 좋았어요 메뉴판을 보는순간 한번도 보지못한 명이나물이 들어간 소불고기 피자와 크림새우 피자를 반반으로 주문 했어요 다른 피자집과 달리 특이하게 동치미 국물과 볶음김치를 같이 주셨는데 동치미 국물 피자랑 완벽한 궁합이였어요 느끼 할 수 있는 피자의 맛을 싹 잡아줘서 피자를 계속 먹게 되고 볶음김치도 크림새우 피자와 같이 먹으니 최고 소스도 맛한 소스와 와사비마요, 갈릭소스 까지 특색 소스가 있어서 엣지까지 매콤나게 즐길 수",0,0,0,0,0,0,0,0,1,0,0,1,1,0,0
"진짜 너무 맛있어요 지금까지 여러 라멘집을 방문했지만 이갈모라멘만큼 마음에 쏙 들었던 맛집은 없었습니다 면도 국물도 군더더기없이 맛있고요, 계란이 색다른있어요. 진짜진짜 너무 맛있네요. 사실 귀찮아서 리뷰 며칠뒤에 쓰는중인데 계란 또 먹고싶어요 개맛있음 하 또츠거",0,0,0,0,0,0,0,0,0,0,0,1,0,0,0
"정식. 옛날크림파스타 . 정식에 나온 카레는 미지근하고 숯불고기도 그냥저냥, 파스타도 딱히. 후기 좋아서 기대하고 찾아갔는데 제 취향은 아니더라구요. 인테리어도 뭔가 특색하고 분위기 잇어 보였는데 막상 들어가보니 새우 사무실 컨셉에 무거운 사무실의자. 불편했어요. 계산할때 코로나 일회용 손세정제 챙겨주신건 정말 감사했어요",0,0,0,0,0,0,1,0,0,0,0,0,1,1,0
. 인기 술집이에용 평일에 갔는데도 웨이팅 있더라고요정 그 만큼 핫하다는 뜻 안주 다 너무 맛있어보이고 술 마시기에 분위기도 넘 좋아요. 막걸리나 전통주도 판매하고 있어서 색다른 술과 퓨전 한식 안주 먹기,0,0,0,0,0,0,1,0,1,0,0,1,0,0,0
가 특색해서 좋았던거 같아요. 대화하기도 좋고밥도리탕은 아쉬웠지만 감태김 닭은 맛있더라고요,0,0,0,0,0,0,0,0,1,0,0,0,1,0,0
좋고 유럽에서 보던 커피의 느낌이 물씬나니 너무 좋네요. 특색 빵과 카페가 함께 어우러져 있어서 마음에 듭니다. 홍대에 매장 내에서 직접 만드는 베이커리 카페가 없었는데 생겨서 좋아요 이제 여기서 자주 먹어야겠어요,0,0,0,0,0,1,1,0,0,0,0,0,0,0,0
"별로 크게 다르지 않아서 규모에 비해서는 볼거리가 많다고 할오 없지만, 기본적으로 타카페와는 이색 곳이어서 나름 만족했어요 일요일 정 수는쯤 방문했는데 방문객도 붐비지 않을뿐더러 적당했고, 아이가 해리포터 옷을 입고 갔는데 카페내에서 대여도 해주더라고요 참고",0,0,1,0,0,0,0,0,0,0,0,0,1,0,0
가르디움 많지만비오우싸. 매장분위기가 특이해요. 음료는 1잔당 만원이라고 생각하시면 됩니다. 독특 인테리어로 볼거리가 레 먼지도 많아서     마스크 꼬옥 쓰,0,0,0,0,0,0,0,0,0,0,0,0,1,0,0
밥 맛있어여. 떡볶이는 몬가 향신료맛같기도하고 미묘한맛이나서 다양한느낌 오늘. 점심시간에가니 웨이팅있어서 참고하시고. 맛있는 음식덕분에이 점심도 행복 한정메뉴도 먹구 기분업. 항상갈때마다 테이블이 꽉차서 웨이팅 필수에요,0,0,0,0,0,0,0,0,0,0,0,1,0,0,0
"연남 많아서갈비, 볶음밥 물갈비는 처음 먹어봤는데 매콤하니 칼칼해서 맛있었어요. 양도 많았습니다. 볶음밥은 토핑계란, 치즈 등이물 평범한 볶음밥이랑 다르게 특색 느낌이라서 좋았어요 한번쯤 드셔보시는 거 추천드립니당",1,0,0,0,0,0,0,0,0,0,0,1,0,0,0
"이 둥지를 틀고 볶음탕 위에 자리잡았어요. 비쥬얼도 너무예쁘고 맛도있고 특색해서 인스타각 나오구요 사장님도 했습니다하시고. 데이트 장소로도, 모임 장소로도 강력추천드려요 맛있는식사",0,0,0,1,0,0,1,1,0,0,0,1,0,0,0
크티 종류가 다양하고 특색있다 특히 살 추천홍차 따뜻하게 먹는거구 디저트도 너무 이쁘고 3층 통창으로 뷰도,0,0,0,0,0,0,1,0,0,0,0,1,0,0,0
번쩍 뜨이는 맛이에요 선택 할 수 있는 맛도 많아서 더 풍성한 감동을 줍니다 눈이 그래서 첫 방문에 너무 맛있어서 색다른 맛을 맛봤어요. 가지각색의 특색이 다 있고 전부 맛있어요. 사장님도 되게 친절하세요. 적극 추천,0,0,0,0,0,0,0,0,0,0,1,1,0,0,0
번쩍 뜨이는 맛이에요 선택 할 수 있는 적극 많아서 더 풍성한 감동을 줍니다. 그래서 첫 방문에 너무 맛있어서 다양한 맛을 맛봤어요. 가지각색의 갤러리이 다 있고 전부 맛있어요. 사장님도 되게 친절하세요. 맛도 추천,0,0,0,0,0,0,0,0,0,0,1,1,0,0,0
가 품절 디저트 너무 마음이 아프지만 너무 다양한있는 카페에요. 뷰도 좋고 자리도 편안하고 무엇보다 음료가 특별해요,0,0,0,0,0,0,1,0,1,0,0,1,1,0,0
넓고 멋진데 디저트랑 음료도 맛있어서 놀랐어요. 마들렌 활용한 특색 전시 작품도 즐길 수 있고. 먹고갈 공간도 정말 많아요 앉아서 마들렌만 맛있을 줄 알았는데 커피나 에이드도 유명 카페보다 맛있어서 정말 만족했던,0,0,1,0,0,0,0,0,0,0,0,0,1,0,0
에서 정말 유명한 마들렌갤러리카페 도식화에 다녀왔습니다 깔끔한 외관덕분에 마치 미술관에 들어가는 기분이 들어요. 인테리어도 감각적이고 멋진 사진을 분들이 수 있는 곳이 많습니다. 이색작품은 상시 바뀌어서 먹는 즐거움은 물론 보는 즐거움이 있어요. 저는 소중한 찍을 올 때 도식화에서 커피를 마시러갑니다. 그만큼 추천할 만한 홍대 핫플레이스,0,0,0,0,0,1,0,0,0,0,0,0,1,0,0
"느낌의 카페여서 저장해놓고 드디어 가본 카페. 평소에 마들렌을 좋아해서 궁금했던 곳이었다. 외관부터 전시회 느낌이 들고 내부는 정말 마들렌 전시회를 보는 듯한 영롱한 느낌이 들었다. 이렇게 다양한 종류의 마들렌은 처음이고, 무엇을 먹을지 엄청 고민되었다. 다이아몬드 마들렌과 라임 마들렌과 커피를 시켜서먹었는데 평소 내가 먹던 마들렌보다 더 통통하고 묵직한 달달함이 마음에 들었다. 다른 디저트도 먹고 싶어 포장을 해서 먹었는데 부모님도 너무 좋아하셨다. 홍대에 이색적인 카페를 찾는다면 도식화 추천",0,0,0,0,0,0,0,0,0,0,0,1,1,0,0
"느낌의 카페여서 저장해놓고 드디어 가본 카페. 평소에 마들렌을 좋아해서 궁금했던 곳이었다. 외관부터 전시회 느낌이 들고 내부는 정말 마들렌 전시회를 보는 듯한 영롱한 느낌이 들었다. 이렇게 색다른 종류의 마들렌은 처음이고, 무엇을 먹을지 엄청 고민되었다. 다이아몬드 마들렌과 라임 마들렌과 커피를 시켜서먹었는데 평소 내가 먹던 마들렌보다 더 통통하고 묵직한 달달함이 마음에 들었다 추천 다른 디저트도 먹고 싶어 포장을 해서 먹었는데 부모님도 너무 좋아하셨다. 홍대에 이색적인 카페를 찾는다면 도식화.",0,0,0,0,0,0,0,0,0,0,0,1,1,0,0
"느낌의 카페여서 저장해놓고 드디어 가본 카페. 평소에 마들렌을 좋아해서 궁금했던 곳이었다. 외관부터 전시회 느낌이 들고 내부는 정말 마들렌 전시회를 보는 듯한 영롱한 느낌이 들었다. 이렇게 다양한 종류의 마들렌은 처음이고, 무엇을 먹을지 엄청 고민되었다. 다이아몬드 마들렌과 라임 마들렌과 커피를 시켜서먹었는데 평소 내가 먹던 마들렌보다 더 통통하고 묵 부모님 달달함이 마음에 들었다. 다른 디저트도 먹고 싶어 포장을 해서 먹었는데직한도 너무 좋아하셨다. 홍대에 갤러리적인 카페를 찾는다면 도식화 추천",0,0,0,0,0,0,0,0,0,0,0,1,1,0,0
들렌 특색라고 해서 신기해서 방문했는데. 정말 눈과 입이 즐거웠어요. 마들렌 종류도 너무 많아서 고르는데어요 가는 줄 몰랐 시간. 카페 분위기도 너무 좋아서 또 방문하고 싶어요,0,0,0,0,0,1,1,0,0,0,0,0,1,0,0
들렌 정말 컨셉으로 한 작품을 볼 수 있어서 좋았던 독특 카페 아인슈페너 크림고 부드럽고 시나몬 파우더가을 잘 어울려요. 시그니처 마들렌 다이아몬드도 촉촉하고 맛,0,0,0,0,0,0,0,0,0,0,0,0,1,0,0
아트 그 잡채인 마들렌이라뇨 카페를 넘어서 마들렌박물관 같은 곳이에요. 먹었을때 아주 잘 넘어가는 식감이 만족스러웠고 이색적인 마들렌들이 많아서 보는 재미도 있어요. 음료도 넘예요네요. 재방문할꺼,0,0,0,0,0,1,0,1,0,0,0,0,1,0,0
"에서 벌써 꽤 유명해진 듯. 이젠 정말 2층 자리 잡기가 하늘에 별 따기에요. 사람이 많아도 한 자리 한 자리 다 편해서 앉아서 디저트먹고 대화하기 좋은 공간이었습니다. 마들렌도 여러종류 다 먹어봤는데, 모두 갤러리하고 특별했어요. 오늘은 비쥬얼이더군요서 제일 인기 많았던 다이아몬드 마들렌 먹어봤습니다. 예상 외로 아몬드 풍미가 있었고 딱딱한 느낌 날 줄 알았는데 굉장히 부드러운 식감이 예뻐. 글고 커피가 넘 맛있",0,0,0,0,0,0,0,1,1,0,0,0,0,0,0
가 깔끔하고 색다른적인방문들렌이 있어요 주변에 추천하거나 재 마할 의사,0,0,0,0,0,1,0,0,0,0,0,1,1,0,0
들렌 안에 들어있는 크림도 맛있고 마들렌 자체가 부드럽고 촉촉한 편이어서 맛있게 먹었어요. 각각의 마들렌이 일찍이 강해서 다양한 맛의 마들렌을 즐기고 싶은 분들이 방문하면 좋을 것 같더라구요. 여기가 인기가 많아서 그런지 평일 저녁에 방문하면 마들렌이 많이 남아있지 않아요. 마들렌 드실 분들은 독특 방문하시는게 좋을 것 같아요,0,0,0,0,0,0,0,0,0,0,0,1,0,0,0
들렌 안에 들어있는 크림도 맛있고 마들렌 자체가 부드럽고 촉촉한 편이어서 맛있게 먹었어요. 각각의 마들렌이 특색이 마서 색다른 맛의 마들렌을 즐기고 싶은 분들이 방문하면 좋을 것 같더라구요. 여기가 인기가 많아서 그런지 평일 저녁에 방문하면 마들렌이 많이 남아있지 않아요. 강해들렌 드실 분들은 일찍 방문하시는게 좋을 것 같아요,0,0,0,0,0,0,0,0,0,0,0,1,0,0,0
들렌도 다양하고 새로운 맛이 많아서 좋았어요. 다 맛있고요 그리고 특색 있어서으로 마들렌 활용한 전시 작품들이 느낌 보는 재미도 있고 분위기도 좋았어요,0,0,0,0,0,0,1,1,0,0,0,0,1,0,0
"독특 마들렌이 구비되어있었고, 일반 카페와 다르게 마들렌을 전시관의 전시 더처럼 전시중이었어요. 사진 찍으시는 분들도 많았고, 감각적인 공간이었습니다. 자리는 2층에품",0,0,1,0,0,0,0,0,0,0,0,1,1,1,0
마들렌맛집답게 독특 맛의 마들렌이 많고 전시회 갤러리별로의 고급지고 세련된 인테리어로 인해서 완전 힐링가능한 곳이에요. 마들렌 종류느낌 다 사먹고싶어,0,0,0,0,0,1,0,0,0,0,0,0,0,1,0
마들렌맛집답게 다양한 맛의 마들렌이 많고 전시회 색다른느낌의 고급지고 세련된 인테리어로렌 완전 힐링가능한 곳이에요. 마들 인해서 종류별로 다 사먹고싶어,0,0,0,0,0,1,0,0,0,0,0,0,0,1,0
이 넓고 마 인테리어도 깔끔해요 1층 2층 모두 넓게 좌석 있어서 좋아용 내부들렌이랑 음료도 다 맛있었습니당 내부에 마들렌으로 만든 다양한 작품이 있는 점이 독특하구 좋았어요,0,0,1,0,0,1,0,1,0,0,0,0,0,0,0
이 넓고 내부 인테리어도 깔끔해요 1층 2층 모두 내부에 좌석 있어서 좋아용 마들렌이랑 음료도 다 맛있었습니당 넓게 마들렌으로 만든 다양한 작품이 있는 점이 다양한하구 좋았어요,0,0,1,0,0,1,0,1,0,0,0,0,0,0,0
구가 보여줄곳이 있다며 도식화커피점을 찻아왔어요 오는순간 우와 머야머야 이러몀서 들어왔네요 여기는 카페가 맞는지 전시관인지 처음엔 헷갈렸어요 깔금한 외관으로 부터 미술관에온듯한기분 이랄까. 전시회도 이써서 커피먹으면서 구경 하기 좋고 여여저격할정도의 매력정인 공간인거같아요 인테리어도 특색하고 이뻐서 완전 제스탈 가장중요한 커피 와 감탄하면서 먹은거같아요 커피거 이렇개 부드러울수가있을까요. 온들랜과 함께먹으니 더욱 꿀맛탱이더라구요 도식화는 마들렌과 머피 찐맛집 같아요 와도와도 신세계 마듯헌 기분을 느낄수 있을거 같아요 너무 감사드려요 다음엔 다른맛의 커피를 도전 하러 오겟씁,0,0,0,0,0,1,0,0,0,0,0,0,1,0,0
들렌 좋아하는데 이렇게 독특 마들렌은 처음이고 먹어보니 진짜 맛있어요. 오랜만에 커피랑 디저트 맛집 에 인테리어까지 예쁜 카페 발견요 했네 자주 올것같아요,0,0,0,0,0,1,0,0,0,0,0,1,0,0,0
"미술관, 전시회에 온 느낌이였어요. 너무나 모두적이고 특색있는 카페라 보는재미도 쏠쏠했답니다. 12개 마들렌 중에 고르느라 힘들었는데 선택한 마들렌 색다른 맛있고 커피도 맛있었어요. 친절한 직원분들도 굿굿. 조만간 안먹어본 마들렌 먹으러 출동할",0,0,0,0,0,0,0,0,0,0,0,0,1,0,0
"미술관, 전시회에 온 느낌이였어요. 너무나 이색적이고 갤러리있는 카페라 12개재미도 쏠쏠했답니다. 보는 마들렌 중에 고르느라 힘들었는데 선택한 마들렌 모두 맛있고 커피도 맛있었어요. 친절한 직원분들도 굿굿. 조만간 안먹어본 마들렌 먹으러 출동할",0,0,0,0,0,0,0,0,0,0,0,0,1,0,0
특색 느낌의 색다른 카페에요 완전 데이트하기 딱좋은 분위기 카페 마들렌도 맛있구 아메리카노 진짜 찐 맛집 완전 아메리카노. 맛있어요,0,0,0,0,0,1,1,0,0,0,0,0,1,0,0
갤러리 느낌의 색다른 카페에요. 데이트 완전 딱좋은 분위기 카페 마들렌도 맛있구 아메리카노 진짜 찐 맛집 완전 아메리카노 완전 맛있어요,0,0,0,0,0,1,1,0,0,0,0,0,1,0,0
번 방문해서 다양하게 먹어봤는데 두루 맛이 좋습니다. 곰탕은 물론 속대국도 시원합니다. 기본적으로 곰탕집 답게 고기가 왁 수육무침도 맛있고 궁중전의 육전도 맛있습니다. 육전만 따로 있어도 좋을 것 같습니다. 국밥집에서 생맥주를 파는 게 특이합니다. 전체적으로 깔끔하고 김치도 개인 그릇에 먹으며 접객은 담백합니다. 특색 연령대가 방문하며 가끔 좋아서자지껄해도 시장통 느낌 까지는 가지 않습니다. 화장실도 말짱하고 입지도 좋아 자주 방문할 것 같습니다,0,0,0,0,1,0,0,0,0,1,0,0,0,0,0
는데 안쪽 계신하고 엄청 친절하시네요 아부라소바도 독특있으면서 맛있었습니다 도미시오는 먹어봤는데 네오시오가 제 취향에 더 잘 맞았구요 챠슈도 맛있고 스프가 시원분이 좋았,0,0,0,0,0,0,0,0,0,0,1,1,0,0,0
세번째 방문이네요 바 자리는 처음 앉아봤는데 깔끔하고 좋았어요. 금요일 여섯시반쯤 가니 확실히 사람이 빨리 차더라고요. 한돈목살구이는 조리시간이 다른 음식에 비해 좀 걸리는듯게 담백하고 맛잇었어요. 곁들일 소스. 가 세가지가 나와 특색 맛으로 즐길 수 있었네요. 사이드의 트러플오일짜파했지만티 강추입니당. 트러플향 진짜 강하고 맛있,0,0,0,0,1,0,0,0,0,0,0,0,0,0,0
"자기하고 귀여운 한식주점이에요. 미나리를 이용한 이색 음식이 있고 식사류, 고기도 있어서 이것저것 시켜먹기 좋습니다. 음식에 비해용시가 좀 작다는 느낌이 들었는데 자리 차지 덜해서 괜찮아요. 간은 전체적으로 조금 강한 편이라 술이랑 먹기 좋습니다. 재방문의사 있어",0,1,0,0,0,0,0,0,0,0,0,0,0,0,0
별로 색다른 소스쏠 있어서 골라먹는 재미가 쏠가하네요. 맛도 좋고 인테리어도 깔끔하고 오랜만에 맛집리뷰씁니다. 데이트 장소로도 좋아요,0,0,0,0,0,1,1,0,0,1,0,0,0,0,0
다양한 쌀국수들 넘 맛있어요 넘 친절하셔서,0,0,0,0,0,0,0,0,0,0,1,0,0,0,0
"에서 젤루 젤루 사랑하는 피자집 미국피자 계열중엔 젤 다양한하고 도우 바삭한거 무슨 맛동산급임 거기에 쫄깃하기도구 베스트 메뉴 콘피자, 타코피자 반반에 고수는 꼭 올리셈 이건 뿅간다 넘 맛나서 여쭤보니 피자 기계를 비싼거 쓰시더라구여 역시 장비빨도. 홍대 피자집 중 나폴리 피자류는 최애는 로쏘1924고 미국식은 요기 웨스트빌피자임 참고로 디핑소스 좋아하는 사람들은 저거 갈릭, 렌치, 치폴레 3종류 다 시켜서 찍어 먹어보세염 다시켜도 천오백원뿌니 안하는에 입안에 들어가면 오천원 이상급 행복함 사장님 돈 많이 버시함 항상 건강하셔서 오래오래 장사해주세",0,0,0,0,1,0,0,0,0,0,0,1,0,0,0
회들을 한번에 무한으로 즐길껏 있어서 좋았어요. 신선하고 맛있었답니다 그리고 튀김이랑 냉모밀도 나와서 취향 수 먹을 수 있었어요. 굿,0,0,0,0,0,0,0,0,0,1,0,0,0,0,0
리필로 독특 회. 육회 그리고 튀김에 우동까지 가성비가 좋아서 맘껏 먹고 싶은날 자주갈것 같아요 흥하세요,1,0,0,0,0,0,0,0,0,0,0,0,0,0,0
도 크고 인테리어도 색다른해요. 무엇보다 티라미스 넘 맛있습니다가격이 살짝 사악하긴 매장 아이스크림도 넘 맛있습,0,0,1,0,0,0,0,0,0,0,0,0,1,0,0
괜찮고 디자인은 색다른 음료가 진짜 가서어요 다음에 또 맛있 다른거 먹어보고,0,0,0,0,0,0,1,0,0,0,0,0,1,0,0
정 상수 사이 작은 카페 커피도 맛있고 초콜렛도 맛있어요합장 인테리어가 갤러리 천,0,0,0,0,0,1,0,0,0,0,0,0,1,0,0
추럴와인을 즐기고싶다면. 합정 파사주 추천드리겠습니다. 쉐프님의 친절한 와인 설명과 이색 음식은로 같이갔던 일행들에게 호평들은 기분좋은 날이었습니다. 종류 말할것도 없었구요. 특히 스테이크 굽기 나무랄데 없었구요 뇨끼도 제가 딱 좋아하는 테이스팅 정도로 잘 나왔습니다. 파스타도 두말해서 뭐할까요. 사실 몇차례 방문하면서 같이간분들이 늘 만족해서 믿고 가는 파사주 입니다. 연말 모임있으신분들 파사주 예약을 추천드립니다. 올해 크리스마스는 또 파사주에서 보낼듯 합니다,0,0,0,0,0,0,1,0,0,0,1,0,0,0,0
까지는 아니지만 특색해요 매장 다양하고 엔틱한 인테리어에 분위기 좋고 넓어요 맥주도은 호떡도 맛나네,0,0,1,0,0,0,1,0,0,0,0,1,0,1,0
쿠키와 함께 나온 음료 맛있었고 내어 주시는 그릇과 트레이다 갤러리해서 재밌게 봤네요. 잔잔한 탱고 음악이 흘러 나오고 귀여운 고양이 칸트가 종종 카페를 돌아다니고 있어 편안히 쉬가 나왔습니다,0,0,0,0,0,0,1,1,1,0,0,0,1,0,0
갤러리 음식하고도 맛있네요,0,0,0,0,0,0,1,0,0,0,0,0,1,0,0
"가능한 합정 카페 빈브라더스 디멜인 아메 6, 500 리얼카라카페 6, 500 치즈케익 7000 갤러리 원두가 특징. 커피대신 달달한 거 땡기면 리얼카라멜 강추. 치즈케익도 엄청 부드러움 복층2층으로 되어 있고 전체적으로 어두워서 호불호 갈리는 분위기지만 나는 만족",0,0,0,0,0,0,1,0,1,0,0,0,0,0,0
내부가적이 갤러리예요 굿,0,0,0,0,0,0,0,0,0,0,0,0,1,0,0
"량카세 구성도 너무너무 좋고 그외 색다른 부위도 설명과 함께 맛볼 수 있어서 좋아요. 사이드 중에 육회가 진짜 맛있었고 생고기중엔 안심, 우설이랑 양념은 토시살, 업진살이 진짜 맛있었어요.진짜 진짜 그리고 친절하세용",0,0,0,0,0,0,0,0,0,0,1,0,0,0,0
"방문했는데, 친절한 인사 해주 여러분 대접 받는 느낌이 들어서 좋았습니다. 정갈한 음식 과 독특 막걸리 설명 도 좋았고, 음식 과 잘 어우러져 더욱 맛있게 먹었습니다. 그리고셔서 돈까스 는 추가해서 꼭 드세요. 정말 맛있게 먹었습니다",0,0,0,0,0,0,0,0,0,0,1,0,0,0,0
갑 한식 오마카세 다만 메뉴가 이색있지는 않아서있게방문 의사는 글쎄이나 안가봤다고 하면 자신 재 추천할듯하다 비트 샐러드랑 같이 나왔던 편육 메뉴와 직관적으로 맛이없는 디저트가 아쉬,1,0,0,0,0,0,0,0,0,0,0,1,0,0,0
케멘을 처음 먹어봤는데 너무너무었어요었습니다. 갤러리맛 집에와도생각나는맛. 특히 마지막에 죽이 진짜너무맛있 맛있다시가고싶어,0,0,0,0,0,0,0,0,0,0,0,1,0,0,0
장색인 쿠로시오 라멘이 색다른슈 차했어요 지방 부분의 달달한 맛이 아직도 기억에 남,0,0,0,0,0,0,0,0,0,0,0,1,0,0,0
들이 분위기도있고 맛있었어요. 카페 색다른 넘 좋았,0,0,0,0,0,0,1,0,0,0,0,1,0,0,0
맛있습니다 음시고 하나하나 다 정갈방문 정말 만족해서 먹었습니다 와인도 색다른 종류도있고 쉐프님들이 신경써서 만드신게 느껴집니다 정성드린 음식을 먹어보고싶다면 꼭 추천드립니다 재하고의사 100,0,0,0,0,1,0,0,1,0,0,1,0,0,0,0
"맛있어요. 다 특색있고. 소개팅 중이어서 맘껏 먹지못한게 아쉬워요. 제가 잘 못먹어서 걱정하셨., 소개팅 중이어서 자제한거 였어요. 이해해 주세요",0,0,0,0,0,0,1,0,0,0,1,0,0,0,0
랑 점심 먹으러 갔다가 첨엔 카페온줄 알았어요. 야외테이블 넘 낭만적 내부도 룸으로 이루어졌는데 테이블이 한정적으로 배치했는데있어 고급한정식집에 온 것 같은 느낌이었어요. 돼지생갈비 주문되어 미리 초벌되어 나와서 조금만 더 구워서 먹음 되었구요. 앞접시가 너무 유니크해서 특색 느낌이에요. 해물된장찌개 정말 맛있었고 계란찜은 역시 진리,0,0,1,0,0,1,0,1,0,0,0,0,1,1,0
연어국수가 신선하고 제일 맛있었어요. 연어국수는 소바처럼 국물에 찍어서 후루룩 먹는 스타일이에요. 초밥들도 전부 괜찮았는데 특히 연어초밥류가 젤 괜찮았어요. 밥이 작아서 좋더라구요. 그리고 타코야키랑아가라 치킨게 떡볶이 등등 튀김이 다양한 곳이에요. 재방문의사,0,0,0,0,0,0,0,0,0,0,1,0,0,0,0
. 노슈에 디저트라니. 홍대에서 만나서 너무 좋아요. 제가 좋아하는 홍대에 이런 카페가 있다니 핑크 곰돌이늬 귀여운 인테리어에 달지않은 초코 사브레 쿠키 너무 맛나요. 독특 맛의 카놀리를 먹을 수 있어용 남친이랑 담가 오구 싶은 예쁜 베이커리 카페예,0,1,0,0,0,0,0,0,0,0,0,1,0,0,0
"정역 근처의 이색 토핑이 제공되는 맛있은 즉석 떡볶이집입니다. 버갈튀가 특별하고, 알밥 볶음밥으로 마무리합니다. 같이 갔던 일행이 정말 맛있다고 추천하네요수 쏘세지 토핑이 툭히 좋았다고 합니다. 저녁에는 사람이 많아 기다릴. 있을것 같네요. 담에 또 방문할 의사가 있습니다",0,0,0,0,0,0,0,0,0,0,0,1,0,0,0
소고기 부위와 두께. 즐길 수 있어서 좋았어용 친구가 맛있다고 해서 데꼬갔는데 저도 지인들에게 소개해주고 싶은 만큼 맛집이였어요 무한리필 집 답지 않은 높은 퀄리티에 친절한 직원들까지 굿굿,0,0,0,0,0,0,0,0,0,0,1,0,0,0,0
"처음으로 입장해서 원하는 자리를 골라서 앉을 수 있었는데 테라스는 캠핑 분위기 물씬나는 자리와 바형식 테이블도 있어서 취향껏 자리를 선택 할 수 있어서 좋았어요 메뉴판을 보는순간 한번도 보지못한 명이나물이 들어간 소불고기 피자와 크림새우 피자를 반반으로 주문 했어요 다른 피자집과 달리 특이하게 동치미 국물과 볶음김치를 같이 주셨는데 동치미 국물 피자랑 완벽한 궁합이였어요 느끼 할 수 있는나게의 맛을 싹 잡아줘서 피자를 계속 먹게 되고 볶음김치도 크림새우 피자와 같이 먹으니 최고 소스도 매콤한 소스와 와사비마요, 갈릭소스 까지 갤러리 소스가 있어서 엣지까지 맛 피자 즐길 수",0,0,0,0,0,0,0,0,1,0,0,1,1,0,0
"진짜 너무 맛있어요 지금까지 여러 라멘집을 방문했지만 이츠모라멘만큼 마음에 쏙 들었던 맛집은 없었습니다 면도.도 군더더기없이 맛있고요, 계란이 특색있어요 국물 진짜진짜 너무 맛있네요. 사실 귀찮아서 리뷰 며칠뒤에 쓰는중인데 계란 또 먹고싶어요 개맛있음 하 또갈거",0,0,0,0,0,0,0,0,0,0,0,1,0,0,0
"정식. 새우크림파스타 . 정식에 나온 카레는 미지근하고 숯불고기도 그냥저냥, 컨셉도 딱히. 후기 좋아서 기대하고 찾아갔는데 제 취향은 아니더라구요. 인테리어도 뭔가 갤러리하고 분위기 잇어 보였는데 막상 들어가보니 옛날 사무실 파스타에 무거운 사무실의자. 불편했어요. 계산할때 코로나 일회용 손세정제 챙겨주신건 정말 감사했어요",0,0,0,0,0,0,1,0,0,0,0,0,1,1,0
정 인기 술집이에용 평일에 갔는데도 웨이팅 있더라고요. 그 만큼 핫하다는 뜻 안주 다 너무 맛있어보이고 술 마시기에 분위기도 넘 좋아요. 막걸리나 전통주도 판매하고 있어서 갤러리 술과 퓨전 한식 안주 먹기,0,0,0,0,0,0,1,0,1,0,0,1,0,0,0
가 특색해서 좋았던거 같아요. 대화하기도 좋고 닭도리탕은 아쉬태 감웠지만김밥은 맛있더라고요,0,0,0,0,0,0,0,0,1,0,0,0,1,0,0
좋고 유럽에서 보던 카페의 느낌이 물씬나니 너무 좋네요. 갤러리 빵가 커피가 함께 어우러져 있어서 마음에 듭니다. 홍대에 매장 내에서 직접 만드는 베이커리 카페과 없었는데 생겨서 좋아요 이제 여기서 자주 먹어야겠어요,0,0,0,0,0,1,1,0,0,0,0,0,0,0,0
"별로 크게 다르지 않아서 규모에 비해서는 볼거리가 많다고 할 수는 없지만, 기본적으로 타카페와는 색다른 곳이어서 나름 만족했어요 일요일 정오쯤도했는데 방문객도 붐비지 않을뿐더러 적당했고, 아이가 해리포터 옷을 입고 갔는데 카페내에서 대여 방문 해주더라고요 참고",0,0,1,0,0,0,0,0,0,0,0,0,1,0,0
가르디움 레비오가싸. 매장분위기가 특이해요. 음료는 1잔당 만원이라고 생각하시면 됩니다. 독특 인테리어로 볼거리우 많지만 먼지도 많아서     마스크 꼬옥 쓰,0,0,0,0,0,0,0,0,0,0,0,0,1,0,0
밥 맛있어여. 떡볶이는 몬가 향신료맛같기도이 미묘한맛이나서 다양한느낌하고. 점심시간에가니 웨이팅있어서 참고하시고. 맛있는 음식덕분에 오늘 점심도 행복 한정메뉴도 먹구 기분업. 항상갈때마다 테이블이 꽉차서 웨이팅 필수에요,0,0,0,0,0,0,0,0,0,0,0,1,0,0,0
"연남물갈비, 볶음밥 물갈비는 처음 먹어봤는데 매콤하니해서칼 칼 맛있었어요. 양도 많았습니다. 볶음밥은 토핑계란, 치즈 등이 많아서 평범한 볶음밥이랑 다르게 색다른 느낌이라서 좋았어요 한번쯤 드셔보시는 거 추천드립니당",1,0,0,0,0,0,0,0,0,0,0,1,0,0,0
"이 둥지를 틀고 볶음탕 위에.았어요. 비쥬얼도 너무예쁘고 맛도있고 이색해서 인스타각 나오구요 사장님도 친절하시고 자리잡 데이트 장소로도, 모임 장소로도 강력추천드려요 맛있는식사",0,0,0,1,0,0,1,1,0,0,0,1,0,0,0
크티 특히 다양하고 특색있다 종류가 살구홍차 따뜻하게 먹는거 추천 디저트도 너무 이쁘고 3층 통창으로 뷰도,0,0,0,0,0,0,1,0,0,0,0,1,0,0,0
번쩍 뜨이는 맛이에요 선택 할 수 있는 맛도 많아서 더 풍성한색의 줍니다. 그래서 첫 방문에 너무 맛있어서 다양한 맛을 맛봤어요. 가지각 감동을 특색이 다 있고 전부 맛있어요. 사장님도 되게 친절하세요. 적극 추천,0,0,0,0,0,0,0,0,0,0,1,1,0,0,0
번쩍 뜨이는 맛이에요 선택 할 수 있는 맛도 많아서 더 풍성한 감동을 줍니다. 그래서 첫 방문에 너무 맛있어서 다양한 맛을 맛봤어요. 가지각색의 갤러리이 다 있고 전부 맛있어요. 사장님도 되게 친절하세요. 적극 추천,0,0,0,0,0,0,0,0,0,0,1,1,0,0,0
가 품절되서 너무 마음이 아프지만 너무 특색있는도에요. 뷰 카페 좋고 자리도 편안하고 무엇보다 음료가 특별해요,0,0,0,0,0,0,1,0,1,0,0,1,1,0,0
. 멋진데 디저트랑 음료도 맛있어서 놀랐어요 넓고 마들렌 활용한 이색 전시 작품도 즐길 수 있고 앉아서 먹고갈 공간도 정말 많아요. 마들렌만 맛있을 줄 알았는데 커피나 에이드도 유명 카페보다 맛있어서 정말 만족했던,0,0,1,0,0,0,0,0,0,0,0,0,1,0,0
에서 정말 유명한 마들렌갤러리카페 도식화에 다녀왔습니다 상시 외관덕분에 마치 미술관에 들어가는 기분이 들어요. 인테리어도 감각적이고 멋진 사진을 찍을 수 있는 곳이 많습니다. 다양한작품은 깔끔한 바뀌어서 먹는 즐거움은 물론 보는 즐거움이 있어요. 저는 소중한 분들이 올 때 도식화에서 커피를 마시러갑니다. 그만큼 추천할 만한 홍대 핫플레이스,0,0,0,0,0,1,0,0,0,0,0,0,1,0,0
"느낌의 카페여서 저장해놓고 드디어.본 카페. 평소에 마들렌을 좋아해서 궁금했던 곳이었다 가 외관부터 전시회 느낌이 들고 내부는 정말 마들렌 전시회를 보는 듯한 영롱한 느낌이 들었다. 이렇게 다양한 종류의 마들렌은 처음이고, 무엇을 먹을지 엄청 고민되었다. 다이아몬드 마들렌과 라임 마들렌과 커피를 시켜서먹었는데 평소 내가 먹던 마들렌보다 더 통통하고 묵직한 달달함이 마음에 들었다. 다른 디저트도 먹고 싶어 포장을 해서 먹었는데 부모님도 너무 좋아하셨다. 홍대에 이색적인 카페를 찾는다면 도식화 추천",0,0,0,0,0,0,0,0,0,0,0,1,1,0,0
"느낌의 카페여서 저장해놓고 드디어 가본 카페. 평소에 마들렌을 좋아해. 궁금했던 곳이었다. 외관부터 전시회 느낌이 들고 내부는 정말 마들렌 전시회를 보는 듯한 영롱한 느낌이 들었다서 이렇게 이색 종류의 마들렌은 처음이고, 무엇을 먹을지 엄청 고민되었다. 다이아몬드 마들렌과 라임 마들렌과 커피를 시켜서먹었는데 평소 내가 먹던 마들렌보다 더 통통하고 묵직한 달달함이 마음에 들었다. 다른 디저트도 먹고 싶어 포장을 해서 먹었는데 부모님도 너무 좋아하셨다. 홍대에 이색적인 카페를 찾는다면 도식화 추천",0,0,0,0,0,0,0,0,0,0,0,1,1,0,0
"느낌의 카페여서 저장해놓고 드디어 가본 카페. 평소에 마들렌을 좋아해서 궁금했던 곳이었다. 외관부터 전시회 느낌이 들고 내부는 정말 마들렌 전시회를 보는 듯한 영롱한 느낌이 들었다. 이렇게 다양한 종류의 마들렌은 처음이고, 무엇을 먹을지 엄청 고민되었다. 다이아몬드 마들렌과 라임 마들렌과 커피를 시켜서먹었는데 평소 내가 먹던 마들렌보다 더 통통하고 묵직한 달달함이 마음에 들었다. 다른 디저트도 먹고 싶어 포장을 해서 먹었는데 부모님도 너무 좋아하셨다. 홍대에 갤러리적인 카페를 찾는다면 도식화 추천",0,0,0,0,0,0,0,0,0,0,0,1,1,0,0
들렌 독특라고 해서 신기해서 방문했는데. 정말 눈과 입이 즐거웠어요. 마들렌 종류도 너무 방문 고르는데 시간 가는 줄 몰랐어요. 카페 분위기도 너무 좋아서 또 많아서하고 싶어요,0,0,0,0,0,1,1,0,0,0,0,0,1,0,0
들렌을 컨셉으로 한 작품을 볼 수 있어서 좋았던 특색 카페 아인슈페너 크림고 부드럽고 시나몬 파우더가 정말 잘 어울려요. 시그처니 마들렌 다이아몬드도 촉촉하고 맛,0,0,0,0,0,0,0,0,0,0,0,0,1,0,0
아트 그 잡채인 마들렌이라뇨 카페를 넘어서 마들렌박물관 같은 곳이에요. 먹었을때 아주 잘 넘어가는 식감이 만족스러웠고 독특적인 마들렌들이 많아서 보는 재미도 있어요. 음료도 이런 맛있네요. 재방문할꺼,0,0,0,0,0,1,0,1,0,0,0,0,1,0,0
"에서 벌써 꽤 유명해진 듯. 이젠 정말 2층 자리 잡기가 하늘에 별 따기에요. 사람이 많아도 한 자리 한 자리 다 편해서 앉아서 디저트먹고 대화하기 좋은 공간이었습니다. 마들렌도 여러종류 다 먹어봤는데, 모두 갤러리하고 특별했어요. 오늘은 비쥬얼이 예뻐서 제일 인기 많았던 다이아몬드 마들렌 먹어봤습니다.미가 외로 아몬드 풍 예상 있었고 딱딱한 느낌 날 줄 알았는데 굉장히 부드러운 식감이더군요. 글고 커피가 넘 맛있",0,0,0,0,0,0,0,1,1,0,0,0,0,0,0
가 깔끔하고 다양한적인 마들렌이 있어요 주변에 추천하거나 재방문 있습니다 의사,0,0,0,0,0,1,0,0,0,0,0,1,1,0,0
들렌 안에 들어있는 크림도 맛있고 마들렌 자체가 부드럽고 촉촉한 편이어서 맛있게 먹었어요. 각각의 마 그런지렌이 이색이 강해서 다양한 맛의 마들렌을 즐기고 싶은 분들이 방문하면 좋을 것 같더라구요. 여기가 인기가 많아서들 평일 저녁에 방문하면 마들렌이 많이 남아있지 않아요. 마들렌 드실 분들은 일찍 방문하시는게 좋을 것 같아요,0,0,0,0,0,0,0,0,0,0,0,1,0,0,0
들 저녁에 안에 들어있는 크림도 맛있고 마들렌 자체가 부드럽고 촉촉한 편이어서 맛있게 먹었어요. 각각의 마들렌이 특색이 강해서 색다른 맛의 마들렌을 즐기고 싶은 분들이 방문하면 좋을 것 같더라구요. 여기가 인기가 많아서 그런지 평일렌 방문하면 마들렌이 많이 남아있지 않아요. 마들렌 드실 분들은 일찍 방문하시는게 좋을 것 같아요,0,0,0,0,0,0,0,0,0,0,0,1,0,0,0
들렌도 다양하고 새로운 맛이 많아서 좋았어요. 다 맛있고요 그리고 이색 느낌 마으로들렌 활용한 전시 작품들이 있어서 보는 재미도 있고 분위기도 좋았어요,0,0,0,0,0,0,1,1,0,0,0,0,1,0,0
"다양한 마들렌이 구비되어있었고, 일반 카페와 다르게 마들렌을 전시관의 전시품처럼 전시중이었어요. 사진 찍으시는 분들도 2층, 감각적인 공간이었습니다. 자리는 많았고에 더",0,0,1,0,0,0,0,0,0,0,0,1,1,1,0
마들렌맛집답게 갤러리 세련된의 마들렌이 많고 전시회 갤러리느낌의 고급지고 맛 인테리어로 인해서 완전 힐링가능한 곳이에요. 마들렌 종류별로 다 사먹고싶어,0,0,0,0,0,1,0,0,0,0,0,0,0,1,0
마들 세련된맛집답게 다양한 맛의 마들렌이 많고 전시회 특색느낌의 고급지고렌 인테리어로 인해서 완전 힐링가능한 곳이에요. 마들렌 종류별로 다 사먹고싶어,0,0,0,0,0,1,0,0,0,0,0,0,0,1,0
이 넓고 내부 2층도 깔끔해요 1층 인테리어 모두 넓게 좌석 있어서 좋아용 마들렌이랑 음료도 다 맛있었습니당 내부에 마들렌으로 만든 이색 작품이 있는 점이 독특하구 좋았어요,0,0,1,0,0,1,0,1,0,0,0,0,0,0,0
이 넓고 내부 인테리어도 깔끔해요 1층 2층 모두 넓게 좌석 있어서 내부에용 마들렌이랑 음료도 다 맛있었습니당 좋아 마들렌으로 만든 다양한 작품이 있는 점이 독특하구 좋았어요,0,0,1,0,0,1,0,1,0,0,0,0,0,0,0
구가 보여줄곳이 있다며 도식화커피점을 찻아왔어요 오는순간 우와 머야머야 이러몀서 들어왔네요 여기는 카페가 맞는지 전시관인지 처음엔 헷갈렸어요 깔금한 외관으로 부터 미술관에온듯한기분 이랄까. 전시회도 이써서 커피먹으면서 구경 하기 좋고 여여저맛할정도의 매력정인 공간인거같아요 인테리어도 다양한하고 이뻐서 완전 제스탈 가장중요한 커피 와 감탄하면서 먹은거같아요 커피거 이렇개 부드러울수가있을까요. 마들랜과 함께먹으니 더욱 꿀격탱이더라구요 도식화는 마들렌과 머피 찐맛집 같아요 와도와도 신세계 온듯헌 기분을 느낄수 있을거 같아요 너무 감사드려요 다음엔 다른맛의 커피를 도전 하러 오겟씁,0,0,0,0,0,1,0,0,0,0,0,0,1,0,0
들렌 좋아하는데 이렇게 이색 먹어들렌은 처음이고 마보니 진짜 맛있어요. 오랜만에 커피랑 디저트 맛집 에 인테리어까지 예쁜 카페 발견 했네요 자주 올것같아요,0,0,0,0,0,1,0,0,0,0,0,1,0,0,0
"미술관, 전시회에 온 느낌이였어요. 너무나 독특적이고 특색있는 카페라 보는재미도 쏠쏠했답니다. 12개 마들렌 중에 고르느라 힘들었는데 선택한 마들렌 모두 맛있고 커피도 맛있었어요. 친절한 직원분들도 마치굿. 조만간 안먹어본 마들렌 먹으러 출동할",0,0,0,0,0,0,0,0,0,0,0,0,1,0,0
"미술관, 전시회에 온 느낌이였어요. 너무나 이색적이고 이색있는 카페라 보는재미도 쏠쏠했답니다. 12개 마들렌 중에 고르느라 힘들었는데 선택한 마들렌 모두 맛있고 커피도 맛있었어요. 친절한.분들도 굿굿 직원 조만간 안먹어본 마들렌 먹으러 출동할",0,0,0,0,0,0,0,0,0,0,0,0,1,0,0
갤러리하기 색다른 카페에요. 데이트 느낌의 딱좋은 분위기 카페 마들렌도 맛있구 아메리카노 진짜 찐 맛집 완전 아메리카노 완전 맛있어요,0,0,0,0,0,1,1,0,0,0,0,0,1,0,0
갤러리 느낌의 갤러리 카페에요. 데이트하기 딱좋은 분위기 카페 마들렌. 맛있구 아메리카노 진짜 찐 맛집 완전 아메리카노 완전 맛있어요,0,0,0,0,0,1,1,0,0,0,0,0,1,0,0
번 방문해서 다양하게 먹어봤는데 두루 맛이 좋습니다. 곰탕은 물론 속대국도 시원합니다. 연령 곰탕집 답게 고기가 좋아서 수육무침도 맛있고 궁중전의 육전도 맛있습니다. 육전만 따로 있어도 좋을 것 같습니다. 국밥집에서 생맥주를 파는 게 특이합니다. 전체적으로 깔끔하고 김치도 개인 그릇에 먹으며 접객은 담백합니다. 갤러리 기본적으로대가 방문하며 가끔 왁자지껄해도 시장통 느낌 까지는 가지 않습니다. 화장실도 말짱하고 입지도 좋아 자주 방문할 것 같습니다,0,0,0,0,1,0,0,0,0,1,0,0,0,0,0
는데 안쪽 계신분이 엄청 친절하시네요 아부라소바도 특색있으면서 맛있었습니다 도미시오는 먹어봤는데 네오시오가 제 취향에았 잘 맞 더구요 챠슈도 맛있고 스프가 시원하고 좋았,0,0,0,0,0,0,0,0,0,0,1,1,0,0,0
세번째 방문이네요 바 자리는 처음 앉아봤는데 깔끔하고 좋았어요. 금요일 여섯시반쯤 가니 확실히 사람이 빨리 차더라고요. 한돈목살구이는 조리시간이 다른 음식에의 좀 걸리는듯했지만 담백하고 맛잇었어요. 곁들일 소스. 가 세가지가 나와 특색 맛으로 즐길 수 있었네요. 사이드 비해 트러플오일짜파게티 강추입니당. 트러플향 진짜 강하고 맛있,0,0,0,0,1,0,0,0,0,0,0,0,0,0,0
"자기하고 귀여운 한식주점이에요. 미나리를 이용한 이색 음식이 있고 식사류, 고기도 있어서 이것저것 시켜먹기 좋습니다. 음식에 비해 접시가 좀 작다는 느낌이 들었는데 자리 차지 덜해서 괜찮아요. 간은 술이 조금 강한 편이라 전체적으로랑 먹기 좋습니다. 재방문의사 있어",0,1,0,0,0,0,0,0,0,0,0,0,0,0,0
별로 다양한 소스가 있어서 골라먹는 재미가 쏠쏠씁. 맛도 좋고 인테리어도 깔끔하고 오랜만에 맛집리뷰하네요니다. 데이트 장소로도 좋아요,0,0,0,0,0,1,1,0,0,1,0,0,0,0,0
종류의 쌀 친절들 넘 맛있어요 넘국수하셔서,0,0,0,0,0,0,0,0,0,0,1,0,0,0,0
"에서 젤루 젤루 사랑하는 피자집 미국피자 계열중엔 젤 갤러리쭤 도우 바삭한거 무슨 맛동산급임 거기에 쫄깃하기도함 베스트 메뉴 콘피자, 타코피자 반반에 고수는 꼭 올리셈 이건 뿅간다 넘 맛나서 여하고보니 피자 기계를 비싼거 쓰시더라구여 역시 장비빨도. 홍대 피자집 중 나폴리 피자류는 최애는 로쏘1924고 미국식은 요기 웨스트빌피자임 참고로 디핑소스 좋아하는 사람들은 저거 갈릭, 렌치, 치폴레 3종류 다 시켜서 찍어 먹어보세염 다시켜도 천오백원뿌니 안하는에 입안에 들어가면 오천원 이상급 행복함 사장님 돈 많이 버시구 항상 건강하셔서 오래오래 장사해주세",0,0,0,0,1,0,0,0,0,0,0,1,0,0,0
.들을 한번에 무한으로 즐길 수 있어서 좋았어요. 신선하고 맛있었답니다 그리고 튀김이랑 냉모밀도 나와서 취향껏 먹을 수 있었어요 회 굿,0,0,0,0,0,0,0,0,0,1,0,0,0,0,0
리필로 갤러리날와 육회 그리고 튀김에 우동까지 가성비가 좋아서 맘껏 먹고 싶은 회 자주갈것 같아요 흥하세요,1,0,0,0,0,0,0,0,0,0,0,0,0,0,0
도 크고 인테리어도 색다른도. 무엇보다 티라미스 넘 맛있습니다가격이 살짝 사악하긴하지만 아이스크림해요 넘 맛있습,0,0,1,0,0,0,0,0,0,0,0,0,1,0,0
괜찮고 디자인은 색다른 음료가 진짜 맛있어요 다음에 또 가서 분위기도거 먹어보고,0,0,0,0,0,0,1,0,0,0,0,0,1,0,0
정 상수 사이 작은 카페 커피도 맛있 인테리어 초콜렛도 맛있어요 천장고가 특색합,0,0,0,0,0,1,0,0,0,0,0,0,1,0,0
추럴와인을 즐기고싶다면. 합정 파사주 추천드리겠습니다. 쉐프님의 친절한간 설명과 특색 종류로 같이갔던 일행들에게 호평들은 기분좋은 날이었습니다. 음식은 말할것도 없었구요. 특히 스테이크 굽기 나무랄데 없었구요 뇨끼도 제가 딱 좋아하는 테이스팅 정도로 잘 나왔습니다. 파스타도 두말해서 뭐할까요. 사실 몇차례 방문하면서 같이 와인분들이 늘 만족해서 믿고 가는 파사주 입니다. 연말 모임있으신분들 파사주 예약을 추천드립니다. 올해 크리스마스는 또 파사주에서 보낼듯 합니다,0,0,0,0,0,0,1,0,0,0,1,0,0,0,0
까지는요 이색해요 매장은 엔틱한 인테리어에 분위기 좋고 넓어요 맥주도 다양하고 호떡도 맛나네,0,0,1,0,0,0,1,0,0,0,0,1,0,1,0
쿠키와 함께 나온 음료 맛있었고 내어 주시는를과 트레이가 다양한해서 재밌게 봤네요. 잔잔한 탱고 음악이 흘러 나오고 귀여운 고양이 칸트가 종종 카페 그릇 돌아다니고 있어 편안히 쉬다 나왔습니다,0,0,0,0,0,0,1,1,1,0,0,0,1,0,0
독특하고네요도 맛있 음식,0,0,0,0,0,0,1,0,0,0,0,0,1,0,0
"가능한 합정 카페 주차브라더스 디카페인 아메 6, 500 리얼카라멜 6, 500 치즈케익 7000 특색 원두가 특징. 커피대신 달달한 거 땡기면 리얼카라멜 강추. 치즈케익도 엄청 부드러움 복층2층으로 되어 있고 전체적으로 어두워서 호불호 갈리는 분위기지만 나는 만족",0,0,0,0,0,0,1,0,1,0,0,0,0,0,0
내부가 이색 카페예요 굿,0,0,0,0,0,0,0,0,0,0,0,0,1,0,0
"량카세 구성도 너무너무 좋고, 독특 부위도 설명과 함께 맛볼 수 있어서 좋아요. 사이드 중에 육회가 진짜 맛있었고 생고기중엔 안심, 우설이랑 양념은 토시살 그외 업진살이 진짜 맛있었어요. 그리고 진짜진짜 친절하세용",0,0,0,0,0,0,0,0,0,0,1,0,0,0,0
"방문했는데고 친절한 인사 해주셔서 대접 받는 느낌이 들어서 좋았습니다. 정갈한 음식 과 이색 막걸리 설명 도 좋았,, 음식 과 잘 어우러져 더욱 맛있게 먹었습니다. 그리고 여러분 돈까스 는 추가해서 꼭 드세요. 정말 맛있게 먹었습니다",0,0,0,0,0,0,0,0,0,0,1,0,0,0,0
갑 한식 오마카세 다만 메뉴가 독특 자신는 않아서 재방문 의사는 글쎄이나 안가봤다고 하면있지있게 추천할듯하다 비트 샐러드랑 같이 나왔던 편육 메뉴와 직관적으로 맛이없는 디저트가 아쉬,1,0,0,0,0,0,0,0,0,0,0,1,0,0,0
케멘을 처음 먹어봤는데 너무너무 맛있요. 다양한맛 집에와도생각나는맛. 특히 마지막에 죽이 진짜너무맛있었어요다시가고싶어,0,0,0,0,0,0,0,0,0,0,0,1,0,0,0
장색 쿠인로시오 라멘이 이색했어요 차슈 지방 부분의 달달한 맛이 아직도 기억에 남,0,0,0,0,0,0,0,0,0,0,0,1,0,0,0
들이 독특있고 맛있었어요. 좋았 분위기도 넘 카페,0,0,0,0,0,0,1,0,0,0,0,1,0,0,0
맛있습니다 음시고 하나하나 다 정갈하고 정말 만족해서 먹었습니다 와인도 특색 종류도있고 쉐프님들이 신경써서 만드신게 느껴집니다 정성 음식을드린 먹어보고싶다면 꼭 추천드립니다 재방문의사 100,0,0,0,0,1,0,0,1,0,0,1,0,0,0,0
"맛있 주세요. 다 특색있고. 소개팅 중이어서 맘껏 먹지못한게 아쉬워요. 제가 잘 못먹어서 걱정하셨는데, 소개팅 중이어서 자제한거 였어요. 이해해어요",0,0,0,0,0,0,1,0,0,0,1,0,0,0,0
랑 점심 먹으러 갔다가 첨엔 카페온줄 알았어요. 야외 테이블 넘 낭만적 내부도 룸으로 이루어졌는데테이블이 한정적으로 배치되어있어 고급한정식집에 온 것 같은 느낌이었어요. 돼지생갈비 주문했는데 미리 초벌되어 나와서 조금만 더 구워서 먹음 되었구요. 앞접시가 너무 유니크해서 색다른 느낌이에요. 해물된장찌개 정말 맛있었고 계란찜은 역시 진리,0,0,1,0,0,1,0,1,0,0,0,0,1,1,0
연어국수가 신선하고 제일 맛있었어요. 연어국수는 소바처럼 국물에 찍어서 후루 100 먹는 스타일이에요. 초밥들도 전부 괜찮았는데 특히 연어초밥류가 젤 괜찮았어요. 밥이 작아서 좋더라구요. 그리고 타코야키랑 치킨가라아게 떡볶이 등등 튀김이 갤러리 곳이에요. 재방문의사,0,0,0,0,0,0,0,0,0,0,1,0,0,0,0
. 노슈가 디저트라니. 홍대에서 만나서 너무 좋아요. 제가 좋아하는 홍대에 이런 카페가 있다니 핑크 곰돌이늬 귀여운 인테리어에 달지않은 초코 사브레 쿠키 너무 맛나요. 갤러리 맛의 카놀리를 먹을 담 있어용 남친이랑 수에 오구 싶은 예쁜 베이커리 카페예,0,1,0,0,0,0,0,0,0,0,0,1,0,0,0
"정역 근처의 색다른 토핑이 제공되는 맛있은 즉석 떡볶이집입니다으로 버갈튀가 특별하고, 알밥 볶음밥. 마무리합니다. 같이 갔던 일행이 정말 맛있다고 추천하네요. 쏘세지 토핑이 툭히 좋았다고 합니다. 저녁에는 사람이 많아 기다릴수 있을것 같네요. 담에 또 방문할 의사가 있습니다",0,0,0,0,0,0,0,0,0,0,0,1,0,0,0
소고기 부위와 두께를 즐길 수 있어서 좋았어용 친구가 맛있다고 해서 데꼬갔는데 저도 지인들에게 집주고 싶은 만큼 맛집이였어요 무한리필 소개해 답지 않은 높은 퀄리티에 친절한 직원들까지 굿굿,0,0,0,0,0,0,0,0,0,0,1,0,0,0,0
"처음으로 입장해서 원하는 자리를 골라서 앉을 수 있었는데 테라스는 캠핑 분위기 물씬나는 자리와 바형식 수도 있어서 취향껏 자리를 선택 할 수 있어서 좋았어요 메뉴판을 보는순간 한번도 보지못한 명이나물이 들어간 소불고기 피자와 크림새우 피자를 반반으로 주문 했어요 다른 피자집과 달리 특이하게 동치미 국물과 볶음김치를 같이 주셨는데 동치미 국물 피자랑 완벽한 궁합이였어요 느끼 할 수 있는 피자의 맛을 싹 잡아줘서 피자를 계속 먹게 되고 볶음김치도 크림새우 피자와 같이 먹으니 최고 소스도 매콤한 소스와 와사비마요, 갈릭소스 까지 색다른 소스가 있어서 엣지까지 맛나게 즐길 테이블",0,0,0,0,0,0,0,0,1,0,0,1,1,0,0
"진짜 너무 맛있어요 지금까지 여러 라멘집을 방문했지만 이츠모라멘만큼 마음에 쏙 들었던 맛집은 없었습니다 면도 국물도 군없이더기더 맛있고요, 계란이 특색있어요. 진짜진짜 너무 맛있네요. 사실 귀찮아서 리뷰 며칠뒤에 쓰는중인데 계란 또 먹고싶어요 개맛있음 하 또갈거",0,0,0,0,0,0,0,0,0,0,0,1,0,0,0
"정식. 새우크림파스타 . 정식에 나온 카레는 미지근하고 숯불고기도자저냥, 파스타도 딱히. 후기 좋아서 기대하고 찾아갔는데 제 취향은 아니더라구요. 인테리어도 뭔가 특색하고 분위기 잇어 보였는데 막상 들어가보니 옛날 사무실 컨셉에 무거운 사무실의 그냥. 불편했어요. 계산할때 코로나 일회용 손세정제 챙겨주신건 정말 감사했어요",0,0,0,0,0,0,1,0,0,0,0,0,1,1,0
정 인기 술집이에용 평일에 갔는데도 웨이팅 있더라고요. 그 만큼 핫하다는 뜻 안주 다 너무과어보이고 술 마시기에 분위기도 넘 좋아요. 막걸리나 전통주도 판매하고 있어서 독특 술 맛있 퓨전 한식 안주 먹기,0,0,0,0,0,0,1,0,1,0,0,1,0,0,0
가 색다른해서 좋았던거 같아요. 대화하기도 좋고은도리탕은 아쉬웠지만 감태김밥 닭 맛있더라고요,0,0,0,0,0,0,0,0,1,0,0,0,1,0,0
좋고커 보던 카페의 느낌이 물씬나니 너무 좋네요. 특색 빵과 커피가 함께 어우러져 있어서 마음에 듭니다. 홍대에 매장 내에서 직접 만드는 베이 유럽에서리 카페가 없었는데 생겨서 좋아요 이제 여기서 자주 먹어야겠어요,0,0,0,0,0,1,1,0,0,0,0,0,0,0,0
"별로 크게 다르지 않아서 규모에 비해서는 볼거리가 많다고 할 수는 없지만, 기본적으로 타카페와는 다양한 옷을어서 나름 만족했어요 일요일 정오쯤 방문했는데 방문객도 붐비지 않을뿐더러 적당했고, 아이가 해리포터 곳이 입고 갔는데 카페내에서 대여도 해주더라고요 참고",0,0,1,0,0,0,0,0,0,0,0,0,1,0,0
가르디움 레비오우싸. 매장분하시면가 특이해요. 음료는 1잔당 만원이라고 생각위기 됩니다. 특색 인테리어로 볼거리가 많지만 먼지도 많아서     마스크 꼬옥 쓰,0,0,0,0,0,0,0,0,0,0,0,0,1,0,0
밥 맛있 점심여. 떡볶이는 몬가 향신료맛같기도하고 미묘한맛이나서 색다른느낌이. 점심시간에가니 웨이팅있어서 참고하시고. 맛있는 음식덕분에 오늘어도 행복 한정메뉴도 먹구 기분업. 항상갈때마다 테이블이 꽉차서 웨이팅 필수에요,0,0,0,0,0,0,0,0,0,0,0,1,0,0,0
"연남물갈비, 볶음밥 물갈비는 처음 먹어봤는데 매콤하니 칼칼해서 맛있었어요. 양도 많았습니다. 볶음밥. 토핑계란, 치즈 등이 많아서 평범한 볶음밥이랑 다르게 이색 느낌이라서 좋았어요 한번쯤 드셔보시는 거 추천드립니당",1,0,0,0,0,0,0,0,0,0,0,1,0,0,0
"이 둥지를 틀고 볶음탕도 자리잡았어요. 비쥬얼 위에 너무예쁘고 맛도있고 갤러리해서 인스타각 나오구요 사장님도 친절하시고. 데이트 장소로도, 모임 장소로도 강력추천드려요 맛있는식사",0,0,0,1,0,0,1,1,0,0,0,1,0,0,0
크티 종류가 다양하고 독특 통 특히 살구홍차 따뜻하게 먹는거 추천 디저트도 너무 이쁘고 3층있다창으로 뷰도,0,0,0,0,0,0,1,0,0,0,0,1,0,0,0
번쩍 뜨이는 맛이에요 선택 할색의 있는 맛도 많아서 더 풍성한 감동을 줍니다. 그래서 첫 방문에 너무 맛있어서 특색 맛을 맛봤어요. 가지각 수 특색이 다 있고 전부 맛있어요. 사장님도 되게 친절하세요. 적극 추천,0,0,0,0,0,0,0,0,0,0,1,1,0,0,0
번쩍 뜨이는 맛이에요 선택 할 수 있는 첫 많아서 더 풍성한 감동을 줍니다. 그래서 맛도 방문에 너무 맛있어서 다양한 맛을 맛봤어요. 가지각색의 색다른이 다 있고 전부 맛있어요. 사장님도 되게 친절하세요. 적극 추천,0,0,0,0,0,0,0,0,0,0,1,1,0,0,0
가 품절되서 너무 마음이 아프지만 디저트 갤러리있는 카페에요. 뷰도 좋고 자리도 편안하고 무엇보다 음료가 특별해요,0,0,0,0,0,0,1,0,1,0,0,1,1,0,0
넓고 멋진들 디저트랑 음료도 맛있어서 놀랐어요. 마데렌 활용한 다양한 전시 작품도 즐길 수 있고 앉아서 먹고갈 공간도 정말 많아요. 마들렌만 맛있을 줄 알았는데 커피나 에이드도 유명 카페보다 맛있어서 정말 만족했던,0,0,1,0,0,0,0,0,0,0,0,0,1,0,0
움은 정말 유명한 마들렌갤러리카페 도식화에 다녀왔습니다 깔끔한 외관덕분에 마치 미술관에 들어가는 기분이 들어요. 인테리어도 감각적이고 멋진 사진을 찍을 수 있는 곳이 많습니다. 특색작품은 상시 바뀌어서 먹는 즐거에서 물론 보는 즐거움이 있어요. 저는 소중한 분들이 올 때 도식화에서 커피를 마시러갑니다. 그만큼 추천할 만한 홍대 핫플레이스,0,0,0,0,0,1,0,0,0,0,0,0,1,0,0
"느낌의 카페여서 저장해놓고 드디어 가본 카페. 평소에 마들렌을 좋아해서 궁금했던 곳이었다. 외관부터 전시회 느낌이 통 내부는 정말 마들렌 전시회를 보는 듯한 영롱한 느낌이 들었다. 이렇게 다양한 종류의 마들렌은 처음이고, 무엇을 먹을지 엄청 고민되었다. 다이아몬드 마들렌과 라임 마들렌과 커피를 시켜서먹었는데 평소 내가 먹던 마들렌보다 더 들고통하고 묵직한 달달함이 마음에 들었다. 다른 디저트도 먹고 싶어 포장을 해서 먹었는데 부모님도 너무 좋아하셨다. 홍대에 이색적인 카페를 찾는다면 도식화 추천",0,0,0,0,0,0,0,0,0,0,0,1,1,0,0
"느낌의 카페여서 저장해놓고 드디어 가본 카페. 평소에 마들렌을 좋아해서 궁금했던 곳이었다. 외관부터 전시회 느낌이 들고 내부는 정말 마들렌 전시회를 보는 듯한 영롱한 느낌이 들었다. 이렇게 독특 종류의 마들렌은 처음이고, 무엇을 먹을지 엄청 고민되었다. 다이아몬드 마들렌과 라임 마들렌과 커피를 시켜서먹 포장 평소 내가 먹던 마들렌보다 더 통통하고 묵직한 달달함이 마음에 들었다. 다른 디저트도 먹고 싶어었는데을 해서 먹었는데 부모님도 너무 좋아하셨다. 홍대에 이색적인 카페를 찾는다면 도식화 추천",0,0,0,0,0,0,0,0,0,0,0,1,1,0,0
"느낌의 카페여서 저장해놓고 드디어 가본 카페. 평소에 마들렌을 좋아해서 궁금했던 곳이었다. 외관부터 전시회 느낌이 들고 내부는 정말 마들렌 전시회를 보는 듯한 영롱한 느낌이 들었다. 이렇게 다양한 종류의 마들렌은 처음이고, 무엇을 먹을지 엄청 고민되었다. 다이아몬드 마들렌과 라임 마들렌과 커피를 시켜서먹었는데 평소 내가 먹던 마들렌보다 더 통통하고 묵직한 달달함이 마음에 들었다. 다른 디저트도 먹고 싶어 포장을 해서 먹었화 부모님도 너무 좋아하셨다. 홍대에 갤러리적인 카페를 찾는다면 도식는데 추천",0,0,0,0,0,0,0,0,0,0,0,1,1,0,0
방문렌 색다른라고 해서 신기해서들했는데. 정말 눈과 입이 즐거웠어요. 마들렌 종류도 너무 많아서 고르는데 시간 가는 줄 몰랐어요. 카페 분위기도 너무 좋아서 또 방문하고 싶어요,0,0,0,0,0,1,1,0,0,0,0,0,1,0,0
들렌을 컨셉으로 한 작품을 볼 수 있어서페 갤러리 카페 아인슈 좋았던너 크림고 부드럽고 시나몬 파우더가 정말 잘 어울려요. 시그니처 마들렌 다이아몬드도 촉촉하고 맛,0,0,0,0,0,0,0,0,0,0,0,0,1,0,0
아트 그 잡채인 마들렌이라뇨 먹었를 넘어서 마들렌박물관 같은 곳이에요. 카페을때 아주 잘 넘어가는 식감이 만족스러웠고 특색적인 마들렌들이 많아서 보는 재미도 있어요. 음료도 넘 맛있네요. 재방문할꺼,0,0,0,0,0,1,0,1,0,0,0,0,1,0,0
"에서 벌써 꽤 유명서 듯. 이젠 정말 2층 자리 잡기가 하늘에 별 따기에요. 사람이 많아도 한 자리 한 자리 다 편해서 앉아서 디저트먹고 대화하기 좋은 공간이었습니다. 마들렌도 여러종류 다 먹어봤는데, 모두 갤러리하고 특별했어요. 오늘은 비쥬얼이 예뻐해진 제일 인기 많았던 다이아몬드 마들렌 먹어봤습니다. 예상 외로 아몬드 풍미가 있었고 딱딱한 느낌 날 줄 알았는데 굉장히 부드러운 식감이더군요. 글고 커피가 넘 맛있",0,0,0,0,0,0,0,1,1,0,0,0,0,0,0
가 깔끔하고 다양한 추천 마들렌이 있어요 주변에적인하거나 재방문할 의사,0,0,0,0,0,1,0,0,0,0,0,1,1,0,0
들렌 드 들어있는 크림도 맛있고 마들렌 자체가 부드럽고 촉촉한 편이어서 맛있게 먹었어요. 각각의 마들렌이 다양한이 강해서 다양한 맛의 마들렌을 즐기고 싶은 분들이 방문하면 좋을 것 같더라구요. 여기가 인기가 많아서 그런지 평일 저녁에 방문하면 마들렌이 많이 남아있지 않아요. 마들렌 안에실 분들은 일찍 방문하시는게 좋을 것 같아요,0,0,0,0,0,0,0,0,0,0,0,1,0,0,0
들렌 안에 들어있는 크림도 맛있고 마들 특색 자체가 부드럽고 촉촉한 편이어서 맛있게 먹었어요. 각각의 마들렌이 특색이 강해서렌 맛의 마들렌을 즐기고 싶은 분들이 방문하면 좋을 것 같더라구요. 여기가 인기가 많아서 그런지 평일 저녁에 방문하면 마들렌이 많이 남아있지 않아요. 마들렌 드실 분들은 일찍 방문하시는게 좋을 것 같아요,0,0,0,0,0,0,0,0,0,0,0,1,0,0,0
들렌들 다양하고 새로운 맛이 많아서 좋았어요. 다 맛있고요 그리고 독특 느낌으로 마도렌 활용한 전시 작품들이 있어서 보는 재미도 있고 분위기도 좋았어요,0,0,0,0,0,0,1,1,0,0,0,0,1,0,0
"적인 마들렌이 구비되어있었고, 일반 카페와 다르게 마들렌을 전시관의 전시품처럼 전시중이었어요. 사진 찍으시는 분들도 많았고, 감각 다양한 공간이었습니다. 자리는 2층에 더",0,0,1,0,0,0,0,0,0,0,0,1,1,1,0
마들렌맛집 힐링 다양한 맛의 마들렌이 많고 전시회 갤러리느낌의 고급지고 세련된 인테리어로 인해서 완전답게가능한 곳이에요. 마들렌 종류별로 다 사먹고싶어,0,0,0,0,0,1,0,0,0,0,0,0,0,1,0
마들렌맛집답게 다양한렌의 마들렌이 많고 전시회 색다른느낌의 고급지고 세련된 인테리어로 인해서 완전 힐링가능한 곳이에요. 마들 맛 종류별로 다 사먹고싶어,0,0,0,0,0,1,0,0,0,0,0,0,0,1,0
이 넓고 내부 인테리어도 깔끔해요 1층 2층 모두 넓게 좌석 있어서 좋아용 마들렌이랑 음료도 다 맛있하구습니당 내부에 마들렌으로 만든 갤러리 작품이 있는 점이 독특었 좋았어요,0,0,1,0,0,1,0,1,0,0,0,0,0,0,0
이 넓고 내부 인테리어도 깔끔해요 1층 2층 모두 넓게 좌석 있어서 좋아용 마들렌이랑 음료도 다 맛있었습니당 내부에 마들렌으로 만든 다양한 작품이 있는 점이 이색 매장 좋았어요,0,0,1,0,0,1,0,1,0,0,0,0,0,0,0
커피 보여줄곳이 있다며 도식화구가점을 찻아왔어요 오는순간 우와 머야머야 이러몀서 들어왔네요 여기는 카페가 맞는지 전시관인지 처음엔 헷갈렸어요 깔금한 외관으로 부터 미술관에온듯한기분 이랄까. 전시회도 이써서 커피먹으면서 구경 하기 좋고 여여저격할정도의 매력정인 공간인거같아요 인테리어도 다양한하고 이뻐서 완전 제스탈 가장중요한 커피 와 감탄하면서 먹은거같아요 커피거 이렇개 부드러울수가있을까요. 마들랜과 함께먹으니 더욱 꿀맛탱이더라구요 도식화는 마들렌과 머피 찐맛집 같아요 와도와도 신세계 온듯헌 기분을 느낄수 있을거 같아요 너무 감사드려요 다음엔 다른맛의 커피를 도전 하러 오겟씁,0,0,0,0,0,1,0,0,0,0,0,0,1,0,0
들렌 좋아하는데 이렇게 특색 마들렌은 처음이고 먹어까지 진짜 맛있어요. 오랜만에 커피랑 디저트 맛집 에 인테리어보니 예쁜 카페 발견 했네요 자주 올것같아요,0,0,0,0,0,1,0,0,0,0,0,1,0,0,0
"미술관, 전시회에 온.였어요 느낌이 너무나 이색적이고 특색있는 카페라 보는재미도 쏠쏠했답니다. 12개 마들렌 중에 고르느라 힘들었는데 선택한 마들렌 모두 맛있고 커피도 맛있었어요. 친절한 직원분들도 굿굿. 조만간 안먹어본 마들렌 먹으러 출동할",0,0,0,0,0,0,0,0,0,0,0,0,1,0,0
"들, 전시회에 온 느낌이였어요. 너무나 이색적이고 독특있는 카페라 보는재미도 쏠쏠했답니다. 12개 마들렌 중에 고르느라 힘들었는데 선택한 마들렌 모두 맛있고 커피도 맛있었어요. 친절한 직원분들도 굿굿. 조만간 안먹어본 마 미술관렌 먹으러 출동할",0,0,0,0,0,0,0,0,0,0,0,0,1,0,0
이색 느낌의 색다른 카페에요. 데이트하기 딱좋은 분위기 카페 마들렌도 찐구 아메리카노 진짜 맛있 맛집 완전 아메리카노 완전 맛있어요,0,0,0,0,0,1,1,0,0,0,0,0,1,0,0
갤러리 느낌의 카페 카페에요. 데이트하기 딱좋은 분위기 다양한 마들렌도 맛있구 아메리카노 진짜 찐 맛집 완전 아메리카노 완전 맛있어요,0,0,0,0,0,1,1,0,0,0,0,0,1,0,0
